timestamp,close
2015-01-07 06:00:00+00:00,275.44
2015-01-08 06:00:00+00:00,288.99
2015-01-12 06:00:00+00:00,260.0
2015-01-13 06:00:00+00:00,219.63
2015-01-14 06:00:00+00:00,120.0
2015-01-15 06:00:00+00:00,204.22
2015-01-16 06:00:00+00:00,199.46
2015-01-17 06:00:00+00:00,184.0
2015-01-18 06:00:00+00:00,225.51
2015-01-20 06:00:00+00:00,218.0
2015-01-21 06:00:00+00:00,246.62
2015-01-22 06:00:00+00:00,226.32
2015-01-23 06:00:00+00:00,235.0
2015-01-24 06:00:00+00:00,250.91
2015-01-25 06:00:00+00:00,283.28
2015-01-26 06:00:00+00:00,274.48
2015-01-27 06:00:00+00:00,257.89
2015-01-28 06:00:00+00:00,236.09
2015-01-29 06:00:00+00:00,235.03
2015-01-30 06:00:00+00:00,229.07
2015-01-31 06:00:00+00:00,218.15
2015-02-01 06:00:00+00:00,227.06
2015-02-02 06:00:00+00:00,239.3
2015-02-03 06:00:00+00:00,228.58
2015-02-04 06:00:00+00:00,227.11
2015-02-05 06:00:00+00:00,218.1
2015-02-06 06:00:00+00:00,224.42
2015-02-07 06:00:00+00:00,226.11
2015-02-08 06:00:00+00:00,222.35
2015-02-09 06:00:00+00:00,221.1
2015-02-10 06:00:00+00:00,221.0
2015-02-11 06:00:00+00:00,219.81
2015-02-12 06:00:00+00:00,226.02
2015-02-13 06:00:00+00:00,244.94
2015-02-14 06:00:00+00:00,256.66
2015-02-15 06:00:00+00:00,235.54
2015-02-16 06:00:00+00:00,235.98
2015-02-17 06:00:00+00:00,244.82
2015-02-18 06:00:00+00:00,237.49
2015-02-19 06:00:00+00:00,245.34
2015-02-20 06:00:00+00:00,245.84
2015-02-21 06:00:00+00:00,246.31
2015-02-22 06:00:00+00:00,237.65
2015-02-23 06:00:00+00:00,239.19
2015-02-24 06:00:00+00:00,239.46
2015-02-25 06:00:00+00:00,237.5
2015-02-26 06:00:00+00:00,237.11
2015-02-27 06:00:00+00:00,253.73
2015-02-28 06:00:00+00:00,254.79
2015-03-01 06:00:00+00:00,261.04
2015-03-02 06:00:00+00:00,276.56
2015-03-03 06:00:00+00:00,280.92
2015-03-04 06:00:00+00:00,270.4
2015-03-05 06:00:00+00:00,276.86
2015-03-06 06:00:00+00:00,272.8
2015-03-07 06:00:00+00:00,276.89
2015-03-08 06:00:00+00:00,278.41
2015-03-09 05:00:00+00:00,290.19
2015-03-10 05:00:00+00:00,292.73
2015-03-11 05:00:00+00:00,294.21
2015-03-12 05:00:00+00:00,294.13
2015-03-13 05:00:00+00:00,284.0
2015-03-14 05:00:00+00:00,283.95
2015-03-15 05:00:00+00:00,293.39
2015-03-16 05:00:00+00:00,292.37
2015-03-17 05:00:00+00:00,285.33
2015-03-18 05:00:00+00:00,256.16
2015-03-19 05:00:00+00:00,264.31
2015-03-20 05:00:00+00:00,263.31
2015-03-21 05:00:00+00:00,261.9
2015-03-22 05:00:00+00:00,269.3
2015-03-23 05:00:00+00:00,267.53
2015-03-24 05:00:00+00:00,248.46
2015-03-25 05:00:00+00:00,245.74
2015-03-26 05:00:00+00:00,248.85
2015-03-27 05:00:00+00:00,247.81
2015-03-28 05:00:00+00:00,248.86
2015-03-29 05:00:00+00:00,246.36
2015-03-30 05:00:00+00:00,248.35
2015-03-31 05:00:00+00:00,245.05
2015-04-01 05:00:00+00:00,247.87
2015-04-02 05:00:00+00:00,252.84
2015-04-03 05:00:00+00:00,254.84
2015-04-04 05:00:00+00:00,252.58
2015-04-05 05:00:00+00:00,261.47
2015-04-06 05:00:00+00:00,255.03
2015-04-07 05:00:00+00:00,253.99
2015-04-08 05:00:00+00:00,246.58
2015-04-09 05:00:00+00:00,243.0
2015-04-10 05:00:00+00:00,237.42
2015-04-11 05:00:00+00:00,237.91
2015-04-12 05:00:00+00:00,237.52
2015-04-13 05:00:00+00:00,223.85
2015-04-14 05:00:00+00:00,222.9
2015-04-15 05:00:00+00:00,224.35
2015-04-16 05:00:00+00:00,229.21
2015-04-17 05:00:00+00:00,223.62
2015-04-18 05:00:00+00:00,224.28
2015-04-19 05:00:00+00:00,224.75
2015-04-20 05:00:00+00:00,226.13
2015-04-21 05:00:00+00:00,235.16
2015-04-22 05:00:00+00:00,233.98
2015-04-23 05:00:00+00:00,233.89
2015-04-24 05:00:00+00:00,230.39
2015-04-25 05:00:00+00:00,220.58
2015-04-26 05:00:00+00:00,220.14
2015-04-27 05:00:00+00:00,227.58
2015-04-28 05:00:00+00:00,225.64
2015-04-29 05:00:00+00:00,226.46
2015-04-30 05:00:00+00:00,236.52
2015-05-01 05:00:00+00:00,233.14
2015-05-02 05:00:00+00:00,236.63
2015-05-03 05:00:00+00:00,240.78
2015-05-04 05:00:00+00:00,236.3
2015-05-05 05:00:00+00:00,236.19
2015-05-06 05:00:00+00:00,230.0
2015-05-07 05:00:00+00:00,237.99
2015-05-08 05:00:00+00:00,246.27
2015-05-09 05:00:00+00:00,242.41
2015-05-10 05:00:00+00:00,241.11
2015-05-11 05:00:00+00:00,241.04
2015-05-12 05:00:00+00:00,242.87
2015-05-13 05:00:00+00:00,237.2
2015-05-14 05:00:00+00:00,237.99
2015-05-15 05:00:00+00:00,237.82
2015-05-16 05:00:00+00:00,237.44
2015-05-17 05:00:00+00:00,236.89
2015-05-18 05:00:00+00:00,234.22
2015-05-19 05:00:00+00:00,233.09
2015-05-20 05:00:00+00:00,234.59
2015-05-21 05:00:00+00:00,236.86
2015-05-22 05:00:00+00:00,240.21
2015-05-23 05:00:00+00:00,239.36
2015-05-24 05:00:00+00:00,240.91
2015-05-25 05:00:00+00:00,237.17
2015-05-26 05:00:00+00:00,238.19
2015-05-27 05:00:00+00:00,237.35
2015-05-28 05:00:00+00:00,237.66
2015-05-29 05:00:00+00:00,236.89
2015-05-30 05:00:00+00:00,233.67
2015-05-31 05:00:00+00:00,230.97
2015-06-01 05:00:00+00:00,223.56
2015-06-02 05:00:00+00:00,225.85
2015-06-03 05:00:00+00:00,224.73
2015-06-04 05:00:00+00:00,224.57
2015-06-05 05:00:00+00:00,224.76
2015-06-06 05:00:00+00:00,225.5
2015-06-07 05:00:00+00:00,224.21
2015-06-08 05:00:00+00:00,228.66
2015-06-09 05:00:00+00:00,229.18
2015-06-10 05:00:00+00:00,229.96
2015-06-11 05:00:00+00:00,229.4
2015-06-12 05:00:00+00:00,230.13
2015-06-13 05:00:00+00:00,233.47
2015-06-14 05:00:00+00:00,235.48
2015-06-15 05:00:00+00:00,237.0
2015-06-16 05:00:00+00:00,249.93
2015-06-17 05:00:00+00:00,250.25
2015-06-18 05:00:00+00:00,250.47
2015-06-19 05:00:00+00:00,242.63
2015-06-20 05:00:00+00:00,244.34
2015-06-21 05:00:00+00:00,245.54
2015-06-22 05:00:00+00:00,247.5
2015-06-23 05:00:00+00:00,244.52
2015-06-24 05:00:00+00:00,241.3
2015-06-25 05:00:00+00:00,242.08
2015-06-26 05:00:00+00:00,242.85
2015-06-27 05:00:00+00:00,251.59
2015-06-28 05:00:00+00:00,252.13
2015-06-29 05:00:00+00:00,262.78
2015-06-30 05:00:00+00:00,260.25
2015-07-01 05:00:00+00:00,260.02
2015-07-02 05:00:00+00:00,255.73
2015-07-03 05:00:00+00:00,256.1
2015-07-04 05:00:00+00:00,262.6
2015-07-05 05:00:00+00:00,269.13
2015-07-06 05:00:00+00:00,270.5
2015-07-07 05:00:00+00:00,266.18
2015-07-08 05:00:00+00:00,269.6
2015-07-09 05:00:00+00:00,270.98
2015-07-10 05:00:00+00:00,289.66
2015-07-11 05:00:00+00:00,294.23
2015-07-12 05:00:00+00:00,312.16
2015-07-13 05:00:00+00:00,291.29
2015-07-14 05:00:00+00:00,287.51
2015-07-15 05:00:00+00:00,289.04
2015-07-16 05:00:00+00:00,279.38
2015-07-17 05:00:00+00:00,279.76
2015-07-18 05:00:00+00:00,277.71
2015-07-19 05:00:00+00:00,276.72
2015-07-20 05:00:00+00:00,280.99
2015-07-21 05:00:00+00:00,276.4
2015-07-22 05:00:00+00:00,278.31
2015-07-23 05:00:00+00:00,277.52
2015-07-24 05:00:00+00:00,289.12
2015-07-25 05:00:00+00:00,289.05
2015-07-26 05:00:00+00:00,292.96
2015-07-27 05:00:00+00:00,296.99
2015-07-28 05:00:00+00:00,295.76
2015-07-29 05:00:00+00:00,290.12
2015-07-30 05:00:00+00:00,288.05
2015-07-31 05:00:00+00:00,283.6
2015-08-01 05:00:00+00:00,278.65
2015-08-02 05:00:00+00:00,281.0
2015-08-03 05:00:00+00:00,283.77
2015-08-04 05:00:00+00:00,285.01
2015-08-05 05:00:00+00:00,281.83
2015-08-06 05:00:00+00:00,278.09
2015-08-07 05:00:00+00:00,279.94
2015-08-08 05:00:00+00:00,262.02
2015-08-09 05:00:00+00:00,267.63
2015-08-10 05:00:00+00:00,267.25
2015-08-11 05:00:00+00:00,270.95
2015-08-12 05:00:00+00:00,265.43
2015-08-13 05:00:00+00:00,264.67
2015-08-14 05:00:00+00:00,266.77
2015-08-15 05:00:00+00:00,262.46
2015-08-16 05:00:00+00:00,260.51
2015-08-17 05:00:00+00:00,255.45
2015-08-18 05:00:00+00:00,221.99
2015-08-19 05:00:00+00:00,227.34
2015-08-20 05:00:00+00:00,235.27
2015-08-21 05:00:00+00:00,234.0
2015-08-22 05:00:00+00:00,231.15
2015-08-23 05:00:00+00:00,227.83
2015-08-24 05:00:00+00:00,208.54
2015-08-25 05:00:00+00:00,223.73
2015-08-26 05:00:00+00:00,224.31
2015-08-27 05:00:00+00:00,223.53
2015-08-28 05:00:00+00:00,231.89
2015-08-29 05:00:00+00:00,230.47
2015-08-30 05:00:00+00:00,228.15
2015-08-31 05:00:00+00:00,229.01
2015-09-01 05:00:00+00:00,228.22
2015-09-02 05:00:00+00:00,229.53
2015-09-03 05:00:00+00:00,228.32
2015-09-04 05:00:00+00:00,231.39
2015-09-05 05:00:00+00:00,241.42
2015-09-06 05:00:00+00:00,239.97
2015-09-07 05:00:00+00:00,242.64
2015-09-08 05:00:00+00:00,244.14
2015-09-09 05:00:00+00:00,238.04
2015-09-10 05:00:00+00:00,238.52
2015-09-11 05:00:00+00:00,240.26
2015-09-12 05:00:00+00:00,236.16
2015-09-13 05:00:00+00:00,230.82
2015-09-14 05:00:00+00:00,231.8
2015-09-15 05:00:00+00:00,231.57
2015-09-16 05:00:00+00:00,230.28
2015-09-17 05:00:00+00:00,233.78
2015-09-18 05:00:00+00:00,233.26
2015-09-19 05:00:00+00:00,232.44
2015-09-20 05:00:00+00:00,228.66
2015-09-21 05:00:00+00:00,227.17
2015-09-22 05:00:00+00:00,231.61
2015-09-23 05:00:00+00:00,231.42
2015-09-24 05:00:00+00:00,235.27
2015-09-25 05:00:00+00:00,234.56
2015-09-26 05:00:00+00:00,234.71
2015-09-27 05:00:00+00:00,237.98
2015-09-28 05:00:00+00:00,239.99
2015-09-29 05:00:00+00:00,236.89
2015-09-30 05:00:00+00:00,238.26
2015-10-01 05:00:00+00:00,238.34
2015-10-02 05:00:00+00:00,238.71
2015-10-03 05:00:00+00:00,240.24
2015-10-04 05:00:00+00:00,239.87
2015-10-05 05:00:00+00:00,241.46
2015-10-06 05:00:00+00:00,247.07
2015-10-07 05:00:00+00:00,244.0
2015-10-08 05:00:00+00:00,242.94
2015-10-09 05:00:00+00:00,245.21
2015-10-10 05:00:00+00:00,245.86
2015-10-11 05:00:00+00:00,248.21
2015-10-12 05:00:00+00:00,245.7
2015-10-13 05:00:00+00:00,250.76
2015-10-14 05:00:00+00:00,255.86
2015-10-15 05:00:00+00:00,256.05
2015-10-16 05:00:00+00:00,269.63
2015-10-17 05:00:00+00:00,270.46
2015-10-18 05:00:00+00:00,266.15
2015-10-19 05:00:00+00:00,265.17
2015-10-20 05:00:00+00:00,271.41
2015-10-21 05:00:00+00:00,269.04
2015-10-22 05:00:00+00:00,276.68
2015-10-23 05:00:00+00:00,278.76
2015-10-24 05:00:00+00:00,289.32
2015-10-25 05:00:00+00:00,282.3
2015-10-26 05:00:00+00:00,288.74
2015-10-27 05:00:00+00:00,302.51
2015-10-28 05:00:00+00:00,306.78
2015-10-29 05:00:00+00:00,334.91
2015-10-30 05:00:00+00:00,326.87
2015-10-31 05:00:00+00:00,314.85
2015-11-01 05:00:00+00:00,331.96
2015-11-02 06:00:00+00:00,373.51
2015-11-03 06:00:00+00:00,440.9
2015-11-04 06:00:00+00:00,410.0
2015-11-05 06:00:00+00:00,359.0
2015-11-06 06:00:00+00:00,383.16
2015-11-07 06:00:00+00:00,387.51
2015-11-08 06:00:00+00:00,366.02
2015-11-09 06:00:00+00:00,379.58
2015-11-10 06:00:00+00:00,310.81
2015-11-11 06:00:00+00:00,313.2
2015-11-12 06:00:00+00:00,336.49
2015-11-13 06:00:00+00:00,338.07
2015-11-14 06:00:00+00:00,333.8
2015-11-15 06:00:00+00:00,322.33
2015-11-16 06:00:00+00:00,335.6
2015-11-17 06:00:00+00:00,336.49
2015-11-18 06:00:00+00:00,334.31
2015-11-19 06:00:00+00:00,316.73
2015-11-20 06:00:00+00:00,324.99
2015-11-21 06:00:00+00:00,327.0
2015-11-22 06:00:00+00:00,322.78
2015-11-23 06:00:00+00:00,321.75
2015-11-24 06:00:00+00:00,318.85
2015-11-25 06:00:00+00:00,332.29
2015-11-26 06:00:00+00:00,352.57
2015-11-27 06:00:00+00:00,358.97
2015-11-28 06:00:00+00:00,355.42
2015-11-29 06:00:00+00:00,377.25
2015-11-30 06:00:00+00:00,376.86
2015-12-01 06:00:00+00:00,354.48
2015-12-02 06:00:00+00:00,368.58
2015-12-03 06:00:00+00:00,359.34
2015-12-04 06:00:00+00:00,363.98
2015-12-05 06:00:00+00:00,398.0
2015-12-06 06:00:00+00:00,387.39
2015-12-07 06:00:00+00:00,394.73
2015-12-08 06:00:00+00:00,417.76
2015-12-09 06:00:00+00:00,418.39
2015-12-10 06:00:00+00:00,422.33
2015-12-11 06:00:00+00:00,412.25
2015-12-12 06:00:00+00:00,436.87
2015-12-13 06:00:00+00:00,437.9
2015-12-14 06:00:00+00:00,444.01
2015-12-15 06:00:00+00:00,452.85
2015-12-16 06:00:00+00:00,453.97
2015-12-17 06:00:00+00:00,455.5
2015-12-18 06:00:00+00:00,464.3
2015-12-19 06:00:00+00:00,459.19
2015-12-20 06:00:00+00:00,442.22
2015-12-21 06:00:00+00:00,436.62
2015-12-22 06:00:00+00:00,437.66
2015-12-23 06:00:00+00:00,455.71
2015-12-24 06:00:00+00:00,455.74
2015-12-25 06:00:00+00:00,442.66
2015-12-26 06:00:00+00:00,420.6
2015-12-27 06:00:00+00:00,424.72
2015-12-28 06:00:00+00:00,422.31
2015-12-29 06:00:00+00:00,432.48
2015-12-30 06:00:00+00:00,420.54
2015-12-31 06:00:00+00:00,435.99
2016-01-01 06:00:00+00:00,435.66
2016-01-02 06:00:00+00:00,435.4
2016-01-03 06:00:00+00:00,431.91
2016-01-04 06:00:00+00:00,433.78
2016-01-05 06:00:00+00:00,431.31
2016-01-06 06:00:00+00:00,443.51
2016-01-07 06:00:00+00:00,459.07
2016-01-08 06:00:00+00:00,454.44
2016-01-09 06:00:00+00:00,450.38
2016-01-10 06:00:00+00:00,451.53
2016-01-11 06:00:00+00:00,449.19
2016-01-12 06:00:00+00:00,432.78
2016-01-13 06:00:00+00:00,432.77
2016-01-14 06:00:00+00:00,416.12
2016-01-15 06:00:00+00:00,357.53
2016-01-16 06:00:00+00:00,388.7
2016-01-17 06:00:00+00:00,378.46
2016-01-18 06:00:00+00:00,383.56
2016-01-19 06:00:00+00:00,379.96
2016-01-20 06:00:00+00:00,418.54
2016-01-21 06:00:00+00:00,399.1
2016-01-22 06:00:00+00:00,382.9
2016-01-23 06:00:00+00:00,390.09
2016-01-24 06:00:00+00:00,398.39
2016-01-25 06:00:00+00:00,392.94
2016-01-26 06:00:00+00:00,395.23
2016-01-27 06:00:00+00:00,383.42
2016-01-28 06:00:00+00:00,379.61
2016-01-29 06:00:00+00:00,378.68
2016-01-30 06:00:00+00:00,381.7
2016-01-31 06:00:00+00:00,374.63
2016-02-01 06:00:00+00:00,371.33
2016-02-02 06:00:00+00:00,372.81
2016-02-03 06:00:00+00:00,371.46
2016-02-04 06:00:00+00:00,385.98
2016-02-05 06:00:00+00:00,384.5
2016-02-06 06:00:00+00:00,375.44
2016-02-07 06:00:00+00:00,378.74
2016-02-08 06:00:00+00:00,371.35
2016-02-09 06:00:00+00:00,374.57
2016-02-10 06:00:00+00:00,374.84
2016-02-11 06:00:00+00:00,378.23
2016-02-12 06:00:00+00:00,390.21
2016-02-13 06:00:00+00:00,397.05
2016-02-14 06:00:00+00:00,405.08
2016-02-15 06:00:00+00:00,398.95
2016-02-16 06:00:00+00:00,402.15
2016-02-17 06:00:00+00:00,419.13
2016-02-18 06:00:00+00:00,421.19
2016-02-19 06:00:00+00:00,424.79
2016-02-20 06:00:00+00:00,439.23
2016-02-21 06:00:00+00:00,435.11
2016-02-22 06:00:00+00:00,438.63
2016-02-23 06:00:00+00:00,411.47
2016-02-24 06:00:00+00:00,419.7
2016-02-25 06:00:00+00:00,422.85
2016-02-26 06:00:00+00:00,430.85
2016-02-27 06:00:00+00:00,426.31
2016-02-28 06:00:00+00:00,436.66
2016-02-29 06:00:00+00:00,435.19
2016-03-01 06:00:00+00:00,433.08
2016-03-02 06:00:00+00:00,414.46
2016-03-03 06:00:00+00:00,420.28
2016-03-04 06:00:00+00:00,407.71
2016-03-05 06:00:00+00:00,396.08
2016-03-06 06:00:00+00:00,403.24
2016-03-07 06:00:00+00:00,414.71
2016-03-08 06:00:00+00:00,411.18
2016-03-09 06:00:00+00:00,412.03
2016-03-10 06:00:00+00:00,417.89
2016-03-11 06:00:00+00:00,414.32
2016-03-12 06:00:00+00:00,412.35
2016-03-13 06:00:00+00:00,415.13
2016-03-14 05:00:00+00:00,412.64
2016-03-15 05:00:00+00:00,414.88
2016-03-16 05:00:00+00:00,417.99
2016-03-17 05:00:00+00:00,417.02
2016-03-18 05:00:00+00:00,407.96
2016-03-19 05:00:00+00:00,410.31
2016-03-20 05:00:00+00:00,411.27
2016-03-21 05:00:00+00:00,416.0
2016-03-22 05:00:00+00:00,417.16
2016-03-23 05:00:00+00:00,416.64
2016-03-24 05:00:00+00:00,413.87
2016-03-25 05:00:00+00:00,417.2
2016-03-26 05:00:00+00:00,416.72
2016-03-27 05:00:00+00:00,422.97
2016-03-28 05:00:00+00:00,423.1
2016-03-29 05:00:00+00:00,416.39
2016-03-30 05:00:00+00:00,412.79
2016-03-31 05:00:00+00:00,416.66
2016-04-01 05:00:00+00:00,418.79
2016-04-02 05:00:00+00:00,419.51
2016-04-03 05:00:00+00:00,420.16
2016-04-04 05:00:00+00:00,423.09
2016-04-05 05:00:00+00:00,422.06
2016-04-06 05:00:00+00:00,421.46
2016-04-07 05:00:00+00:00,422.72
2016-04-08 05:00:00+00:00,419.2
2016-04-09 05:00:00+00:00,419.46
2016-04-10 05:00:00+00:00,423.28
2016-04-11 05:00:00+00:00,428.2
2016-04-12 05:00:00+00:00,427.8
2016-04-13 05:00:00+00:00,425.58
2016-04-14 05:00:00+00:00,428.04
2016-04-15 05:00:00+00:00,430.93
2016-04-16 05:00:00+00:00,433.39
2016-04-17 05:00:00+00:00,433.3
2016-04-18 05:00:00+00:00,431.08
2016-04-19 05:00:00+00:00,437.06
2016-04-20 05:00:00+00:00,444.53
2016-04-21 05:00:00+00:00,448.27
2016-04-22 05:00:00+00:00,448.51
2016-04-23 05:00:00+00:00,459.27
2016-04-24 05:00:00+00:00,464.66
2016-04-25 05:00:00+00:00,467.77
2016-04-26 05:00:00+00:00,468.8
2016-04-27 05:00:00+00:00,445.31
2016-04-28 05:00:00+00:00,451.68
2016-04-29 05:00:00+00:00,457.34
2016-04-30 05:00:00+00:00,454.02
2016-05-01 05:00:00+00:00,457.09
2016-05-02 05:00:00+00:00,446.41
2016-05-03 05:00:00+00:00,451.0
2016-05-04 05:00:00+00:00,448.68
2016-05-05 05:00:00+00:00,449.35
2016-05-06 05:00:00+00:00,460.25
2016-05-07 05:00:00+00:00,461.91
2016-05-08 05:00:00+00:00,461.76
2016-05-09 05:00:00+00:00,464.16
2016-05-10 05:00:00+00:00,456.44
2016-05-11 05:00:00+00:00,454.35
2016-05-12 05:00:00+00:00,455.85
2016-05-13 05:00:00+00:00,456.64
2016-05-14 05:00:00+00:00,458.9
2016-05-15 05:00:00+00:00,460.17
2016-05-16 05:00:00+00:00,457.0
2016-05-17 05:00:00+00:00,456.21
2016-05-18 05:00:00+00:00,456.2
2016-05-19 05:00:00+00:00,440.72
2016-05-20 05:00:00+00:00,445.65
2016-05-21 05:00:00+00:00,445.99
2016-05-22 05:00:00+00:00,442.48
2016-05-23 05:00:00+00:00,447.42
2016-05-24 05:00:00+00:00,446.99
2016-05-25 05:00:00+00:00,450.64
2016-05-26 05:00:00+00:00,467.99
2016-05-27 05:00:00+00:00,496.48
2016-05-28 05:00:00+00:00,523.25
2016-05-29 05:00:00+00:00,525.22
2016-05-30 05:00:00+00:00,533.9
2016-05-31 05:00:00+00:00,531.34
2016-06-01 05:00:00+00:00,536.55
2016-06-02 05:00:00+00:00,537.65
2016-06-03 05:00:00+00:00,573.55
2016-06-04 05:00:00+00:00,580.79
2016-06-05 05:00:00+00:00,580.95
2016-06-06 05:00:00+00:00,586.77
2016-06-07 05:00:00+00:00,579.71
2016-06-08 05:00:00+00:00,581.4
2016-06-09 05:00:00+00:00,577.46
2016-06-10 05:00:00+00:00,585.7
2016-06-11 05:00:00+00:00,637.0
2016-06-12 05:00:00+00:00,677.86
2016-06-13 05:00:00+00:00,691.08
2016-06-14 05:00:00+00:00,683.06
2016-06-15 05:00:00+00:00,698.78
2016-06-16 05:00:00+00:00,771.88
2016-06-17 05:00:00+00:00,749.11
2016-06-18 05:00:00+00:00,748.07
2016-06-19 05:00:00+00:00,762.0
2016-06-20 05:00:00+00:00,700.48
2016-06-21 05:00:00+00:00,667.66
2016-06-22 05:00:00+00:00,590.2
2016-06-23 05:00:00+00:00,680.86
2016-06-24 05:00:00+00:00,692.13
2016-06-25 05:00:00+00:00,673.71
2016-06-26 05:00:00+00:00,647.88
2016-06-27 05:00:00+00:00,653.47
2016-06-28 05:00:00+00:00,648.43
2016-06-29 05:00:00+00:00,637.19
2016-06-30 05:00:00+00:00,682.03
2016-07-01 05:00:00+00:00,679.53
2016-07-02 05:00:00+00:00,704.95
2016-07-03 05:00:00+00:00,678.81
2016-07-04 05:00:00+00:00,681.98
2016-07-05 05:00:00+00:00,679.66
2016-07-06 05:00:00+00:00,678.79
2016-07-07 05:00:00+00:00,641.05
2016-07-08 05:00:00+00:00,667.33
2016-07-09 05:00:00+00:00,657.61
2016-07-10 05:00:00+00:00,661.15
2016-07-11 05:00:00+00:00,649.68
2016-07-12 05:00:00+00:00,664.53
2016-07-13 05:00:00+00:00,653.58
2016-07-14 05:00:00+00:00,665.98
2016-07-15 05:00:00+00:00,667.48
2016-07-16 05:00:00+00:00,668.91
2016-07-17 05:00:00+00:00,682.72
2016-07-18 05:00:00+00:00,675.5
2016-07-19 05:00:00+00:00,674.21
2016-07-20 05:00:00+00:00,666.92
2016-07-21 05:00:00+00:00,668.86
2016-07-22 05:00:00+00:00,661.9
2016-07-23 05:00:00+00:00,657.28
2016-07-24 05:00:00+00:00,660.79
2016-07-25 05:00:00+00:00,658.27
2016-07-26 05:00:00+00:00,647.12
2016-07-27 05:00:00+00:00,657.35
2016-07-28 05:00:00+00:00,658.9
2016-07-29 05:00:00+00:00,658.16
2016-07-30 05:00:00+00:00,635.91
2016-07-31 05:00:00+00:00,626.5
2016-08-01 05:00:00+00:00,598.0
2016-08-02 05:00:00+00:00,548.99
2016-08-03 05:00:00+00:00,573.36
2016-08-04 05:00:00+00:00,587.5
2016-08-05 05:00:00+00:00,583.0
2016-08-06 05:00:00+00:00,592.79
2016-08-07 05:00:00+00:00,595.14
2016-08-08 05:00:00+00:00,588.74
2016-08-09 05:00:00+00:00,586.45
2016-08-10 05:00:00+00:00,594.94
2016-08-11 05:00:00+00:00,584.41
2016-08-12 05:00:00+00:00,588.07
2016-08-13 05:00:00+00:00,583.37
2016-08-14 05:00:00+00:00,572.55
2016-08-15 05:00:00+00:00,568.54
2016-08-16 05:00:00+00:00,579.02
2016-08-17 05:00:00+00:00,574.46
2016-08-18 05:00:00+00:00,575.06
2016-08-19 05:00:00+00:00,573.67
2016-08-20 05:00:00+00:00,582.16
2016-08-21 05:00:00+00:00,580.37
2016-08-22 05:00:00+00:00,585.93
2016-08-23 05:00:00+00:00,579.15
2016-08-24 05:00:00+00:00,575.69
2016-08-25 05:00:00+00:00,576.66
2016-08-26 05:00:00+00:00,576.92
2016-08-27 05:00:00+00:00,570.84
2016-08-28 05:00:00+00:00,574.98
2016-08-29 05:00:00+00:00,573.23
2016-08-30 05:00:00+00:00,572.93
2016-08-31 05:00:00+00:00,571.98
2016-09-01 05:00:00+00:00,573.02
2016-09-02 05:00:00+00:00,575.19
2016-09-03 05:00:00+00:00,600.91
2016-09-04 05:00:00+00:00,609.6
2016-09-05 05:00:00+00:00,605.69
2016-09-06 05:00:00+00:00,612.99
2016-09-07 05:00:00+00:00,615.96
2016-09-08 05:00:00+00:00,626.56
2016-09-09 05:00:00+00:00,622.07
2016-09-10 05:00:00+00:00,622.39
2016-09-11 05:00:00+00:00,607.94
2016-09-12 05:00:00+00:00,608.53
2016-09-13 05:00:00+00:00,609.17
2016-09-14 05:00:00+00:00,608.23
2016-09-15 05:00:00+00:00,606.64
2016-09-16 05:00:00+00:00,608.21
2016-09-17 05:00:00+00:00,607.72
2016-09-18 05:00:00+00:00,611.4
2016-09-19 05:00:00+00:00,609.29
2016-09-20 05:00:00+00:00,598.86
2016-09-21 05:00:00+00:00,597.07
2016-09-22 05:00:00+00:00,596.99
2016-09-23 05:00:00+00:00,602.96
2016-09-24 05:00:00+00:00,602.68
2016-09-25 05:00:00+00:00,602.24
2016-09-26 05:00:00+00:00,605.56
2016-09-27 05:00:00+00:00,605.71
2016-09-28 05:00:00+00:00,604.99
2016-09-29 05:00:00+00:00,605.54
2016-09-30 05:00:00+00:00,608.99
2016-10-01 05:00:00+00:00,615.54
2016-10-02 05:00:00+00:00,613.92
2016-10-03 05:00:00+00:00,612.99
2016-10-04 05:00:00+00:00,609.74
2016-10-05 05:00:00+00:00,612.55
2016-10-06 05:00:00+00:00,611.88
2016-10-07 05:00:00+00:00,619.64
2016-10-08 05:00:00+00:00,619.5
2016-10-09 05:00:00+00:00,618.96
2016-10-10 05:00:00+00:00,631.08
2016-10-11 05:00:00+00:00,638.51
2016-10-12 05:00:00+00:00,635.79
2016-10-13 05:00:00+00:00,634.17
2016-10-14 05:00:00+00:00,638.03
2016-10-15 05:00:00+00:00,640.88
2016-10-16 05:00:00+00:00,640.25
2016-10-17 05:00:00+00:00,639.56
2016-10-18 05:00:00+00:00,636.95
2016-10-19 05:00:00+00:00,629.2
2016-10-20 05:00:00+00:00,629.67
2016-10-21 05:00:00+00:00,630.83
2016-10-22 05:00:00+00:00,649.68
2016-10-23 05:00:00+00:00,651.04
2016-10-24 05:00:00+00:00,655.29
2016-10-25 05:00:00+00:00,654.3
2016-10-26 05:00:00+00:00,688.69
2016-10-27 05:00:00+00:00,691.21
2016-10-28 05:00:00+00:00,703.6
2016-10-29 05:00:00+00:00,710.95
2016-10-30 05:00:00+00:00,698.23
2016-10-31 05:00:00+00:00,710.01
2016-11-01 05:00:00+00:00,730.7
2016-11-02 05:00:00+00:00,742.17
2016-11-03 05:00:00+00:00,690.0
2016-11-04 05:00:00+00:00,704.29
2016-11-05 05:00:00+00:00,706.99
2016-11-06 05:00:00+00:00,710.18
2016-11-07 06:00:00+00:00,707.35
2016-11-08 06:00:00+00:00,744.99
2016-11-09 06:00:00+00:00,717.7
2016-11-10 06:00:00+00:00,712.91
2016-11-11 06:00:00+00:00,715.27
2016-11-12 06:00:00+00:00,704.53
2016-11-13 06:00:00+00:00,704.92
2016-11-14 06:00:00+00:00,710.52
2016-11-15 06:00:00+00:00,712.02
2016-11-16 06:00:00+00:00,739.85
2016-11-17 06:00:00+00:00,739.99
2016-11-18 06:00:00+00:00,748.85
2016-11-19 06:00:00+00:00,750.77
2016-11-20 06:00:00+00:00,730.47
2016-11-21 06:00:00+00:00,736.4
2016-11-22 06:00:00+00:00,742.5
2016-11-23 06:00:00+00:00,741.52
2016-11-24 06:00:00+00:00,732.21
2016-11-25 06:00:00+00:00,738.94
2016-11-26 06:00:00+00:00,730.91
2016-11-27 06:00:00+00:00,731.35
2016-11-28 06:00:00+00:00,729.77
2016-11-29 06:00:00+00:00,732.37
2016-11-30 06:00:00+00:00,746.42
2016-12-01 06:00:00+00:00,754.0
2016-12-02 06:00:00+00:00,763.01
2016-12-03 06:00:00+00:00,767.05
2016-12-04 06:00:00+00:00,754.86
2016-12-05 06:00:00+00:00,755.61
2016-12-06 06:00:00+00:00,759.8
2016-12-07 06:00:00+00:00,764.69
2016-12-08 06:00:00+00:00,768.52
2016-12-09 06:00:00+00:00,772.36
2016-12-10 06:00:00+00:00,767.8
2016-12-11 06:00:00+00:00,772.31
2016-12-12 06:00:00+00:00,778.94
2016-12-13 06:00:00+00:00,780.31
2016-12-14 06:00:00+00:00,779.56
2016-12-15 06:00:00+00:00,776.16
2016-12-16 06:00:00+00:00,780.98
2016-12-17 06:00:00+00:00,790.71
2016-12-18 06:00:00+00:00,790.72
2016-12-19 06:00:00+00:00,789.02
2016-12-20 06:00:00+00:00,808.65
2016-12-21 06:00:00+00:00,845.92
2016-12-22 06:00:00+00:00,893.49
2016-12-23 06:00:00+00:00,912.65
2016-12-24 06:00:00+00:00,876.46
2016-12-25 06:00:00+00:00,896.12
2016-12-26 06:00:00+00:00,898.95
2016-12-27 06:00:00+00:00,942.73
2016-12-28 06:00:00+00:00,981.91
2016-12-29 06:00:00+00:00,950.49
2016-12-30 06:00:00+00:00,960.81
2016-12-31 06:00:00+00:00,973.37
2017-01-01 06:00:00+00:00,1003.64
2017-01-02 06:00:00+00:00,1011.45
2017-01-03 06:00:00+00:00,1020.67
2017-01-04 06:00:00+00:00,1163.01
2017-01-05 06:00:00+00:00,1007.0
2017-01-06 06:00:00+00:00,831.36
2017-01-07 06:00:00+00:00,909.0
2017-01-08 06:00:00+00:00,901.02
2017-01-09 06:00:00+00:00,902.66
2017-01-10 06:00:00+00:00,920.94
2017-01-11 06:00:00+00:00,795.77
2017-01-12 06:00:00+00:00,792.52
2017-01-13 06:00:00+00:00,831.42
2017-01-14 06:00:00+00:00,828.0
2017-01-15 06:00:00+00:00,833.31
2017-01-16 06:00:00+00:00,865.0
2017-01-17 06:00:00+00:00,904.41
2017-01-18 06:00:00+00:00,890.97
2017-01-19 06:00:00+00:00,897.04
2017-01-20 06:00:00+00:00,914.99
2017-01-21 06:00:00+00:00,925.06
2017-01-22 06:00:00+00:00,924.63
2017-01-23 06:00:00+00:00,917.86
2017-01-24 06:00:00+00:00,901.05
2017-01-25 06:00:00+00:00,896.0
2017-01-26 06:00:00+00:00,914.75
2017-01-27 06:00:00+00:00,922.63
2017-01-28 06:00:00+00:00,924.97
2017-01-29 06:00:00+00:00,920.49
2017-01-30 06:00:00+00:00,924.99
2017-01-31 06:00:00+00:00,970.01
2017-02-01 06:00:00+00:00,987.01
2017-02-02 06:00:00+00:00,1019.9
2017-02-03 06:00:00+00:00,1018.0
2017-02-04 06:00:00+00:00,1029.82
2017-02-05 06:00:00+00:00,1016.32
2017-02-06 06:00:00+00:00,1039.37
2017-02-07 06:00:00+00:00,1053.96
2017-02-08 06:00:00+00:00,1074.3
2017-02-09 06:00:00+00:00,994.24
2017-02-10 06:00:00+00:00,1016.33
2017-02-11 06:00:00+00:00,1018.65
2017-02-12 06:00:00+00:00,1018.73
2017-02-13 06:00:00+00:00,1005.85
2017-02-14 06:00:00+00:00,1013.01
2017-02-15 06:00:00+00:00,1025.9
2017-02-16 06:00:00+00:00,1042.5
2017-02-17 06:00:00+00:00,1070.49
2017-02-18 06:00:00+00:00,1062.15
2017-02-19 06:00:00+00:00,1055.27
2017-02-20 06:00:00+00:00,1091.46
2017-02-21 06:00:00+00:00,1115.52
2017-02-22 06:00:00+00:00,1132.15
2017-02-23 06:00:00+00:00,1210.98
2017-02-24 06:00:00+00:00,1186.91
2017-02-25 06:00:00+00:00,1154.9
2017-02-26 06:00:00+00:00,1186.35
2017-02-27 06:00:00+00:00,1199.17
2017-02-28 06:00:00+00:00,1199.65
2017-03-01 06:00:00+00:00,1224.85
2017-03-02 06:00:00+00:00,1269.17
2017-03-03 06:00:00+00:00,1293.01
2017-03-04 06:00:00+00:00,1265.5
2017-03-05 06:00:00+00:00,1278.11
2017-03-06 06:00:00+00:00,1279.49
2017-03-07 06:00:00+00:00,1237.36
2017-03-08 06:00:00+00:00,1160.0
2017-03-09 06:00:00+00:00,1204.94
2017-03-10 06:00:00+00:00,1109.01
2017-03-11 06:00:00+00:00,1181.64
2017-03-12 06:00:00+00:00,1246.74
2017-03-13 05:00:00+00:00,1245.49
2017-03-14 05:00:00+00:00,1247.42
2017-03-15 05:00:00+00:00,1245.29
2017-03-16 05:00:00+00:00,1128.96
2017-03-17 05:00:00+00:00,1069.57
2017-03-18 05:00:00+00:00,970.0
2017-03-19 05:00:00+00:00,1037.92
2017-03-20 05:00:00+00:00,1044.96
2017-03-21 05:00:00+00:00,1090.0
2017-03-22 05:00:00+00:00,1034.57
2017-03-23 05:00:00+00:00,1001.24
2017-03-24 05:00:00+00:00,902.14
2017-03-25 05:00:00+00:00,969.99
2017-03-26 05:00:00+00:00,972.61
2017-03-27 05:00:00+00:00,1037.83
2017-03-28 05:00:00+00:00,1024.43
2017-03-29 05:00:00+00:00,1044.8
2017-03-30 05:00:00+00:00,1056.0
2017-03-31 05:00:00+00:00,1087.68
2017-04-01 05:00:00+00:00,1084.03
2017-04-02 05:00:00+00:00,1134.0
2017-04-03 05:00:00+00:00,1152.6
2017-04-04 05:00:00+00:00,1137.87
2017-04-05 05:00:00+00:00,1132.99
2017-04-06 05:00:00+00:00,1190.2
2017-04-07 05:00:00+00:00,1195.66
2017-04-08 05:00:00+00:00,1185.81
2017-04-09 05:00:00+00:00,1215.91
2017-04-10 05:00:00+00:00,1210.0
2017-04-11 05:00:00+00:00,1224.1
2017-04-12 05:00:00+00:00,1216.37
2017-04-13 05:00:00+00:00,1177.05
2017-04-14 05:00:00+00:00,1180.14
2017-04-15 05:00:00+00:00,1187.99
2017-04-16 05:00:00+00:00,1175.85
2017-04-17 05:00:00+00:00,1200.35
2017-04-18 05:00:00+00:00,1205.88
2017-04-19 05:00:00+00:00,1214.22
2017-04-20 05:00:00+00:00,1246.03
2017-04-21 05:00:00+00:00,1248.37
2017-04-22 05:00:00+00:00,1247.0
2017-04-23 05:00:00+00:00,1254.5
2017-04-24 05:00:00+00:00,1269.47
2017-04-25 05:00:00+00:00,1287.26
2017-04-26 05:00:00+00:00,1298.44
2017-04-27 05:00:00+00:00,1355.03
2017-04-28 05:00:00+00:00,1353.34
2017-04-29 05:00:00+00:00,1345.35
2017-04-30 05:00:00+00:00,1384.55
2017-05-01 05:00:00+00:00,1452.87
2017-05-02 05:00:00+00:00,1473.23
2017-05-03 05:00:00+00:00,1572.69
2017-05-04 05:00:00+00:00,1563.39
2017-05-05 05:00:00+00:00,1551.3
2017-05-06 05:00:00+00:00,1602.59
2017-05-07 05:00:00+00:00,1628.48
2017-05-08 05:00:00+00:00,1700.0
2017-05-09 05:00:00+00:00,1720.43
2017-05-10 05:00:00+00:00,1822.28
2017-05-11 05:00:00+00:00,1756.68
2017-05-12 05:00:00+00:00,1695.61
2017-05-13 05:00:00+00:00,1789.73
2017-05-14 05:00:00+00:00,1799.99
2017-05-15 05:00:00+00:00,1722.01
2017-05-16 05:00:00+00:00,1812.83
2017-05-17 05:00:00+00:00,1816.53
2017-05-18 05:00:00+00:00,1925.55
2017-05-19 05:00:00+00:00,1987.45
2017-05-20 05:00:00+00:00,2069.83
2017-05-21 05:00:00+00:00,2130.01
2017-05-22 05:00:00+00:00,2190.86
2017-05-23 05:00:00+00:00,2312.12
2017-05-24 05:00:00+00:00,2553.1
2017-05-25 05:00:00+00:00,2355.0
2017-05-26 05:00:00+00:00,2199.89
2017-05-27 05:00:00+00:00,2099.99
2017-05-28 05:00:00+00:00,2184.98
2017-05-29 05:00:00+00:00,2314.86
2017-05-30 05:00:00+00:00,2191.58
2017-05-31 05:00:00+00:00,2303.29
2017-06-01 05:00:00+00:00,2431.01
2017-06-02 05:00:00+00:00,2458.0
2017-06-03 05:00:00+00:00,2531.52
2017-06-04 05:00:00+00:00,2521.36
2017-06-05 05:00:00+00:00,2850.12
2017-06-06 05:00:00+00:00,2868.18
2017-06-07 05:00:00+00:00,2685.64
2017-06-08 05:00:00+00:00,2824.43
2017-06-09 05:00:00+00:00,2811.39
2017-06-10 05:00:00+00:00,2905.45
2017-06-11 05:00:00+00:00,2991.12
2017-06-12 05:00:00+00:00,2655.71
2017-06-13 05:00:00+00:00,2766.65
2017-06-14 05:00:00+00:00,2419.32
2017-06-15 05:00:00+00:00,2409.98
2017-06-16 05:00:00+00:00,2497.9
2017-06-17 05:00:00+00:00,2633.78
2017-06-18 05:00:00+00:00,2561.76
2017-06-19 05:00:00+00:00,2591.96
2017-06-20 05:00:00+00:00,2725.08
2017-06-21 05:00:00+00:00,2643.35
2017-06-22 05:00:00+00:00,2721.32
2017-06-23 05:00:00+00:00,2705.41
2017-06-24 05:00:00+00:00,2573.0
2017-06-25 05:00:00+00:00,2505.61
2017-06-26 05:00:00+00:00,2431.81
2017-06-27 05:00:00+00:00,2569.96
2017-06-28 05:00:00+00:00,2559.64
2017-06-29 05:00:00+00:00,2527.99
2017-06-30 05:00:00+00:00,2462.42
2017-07-01 05:00:00+00:00,2423.63
2017-07-02 05:00:00+00:00,2498.92
2017-07-03 05:00:00+00:00,2620.0
2017-07-04 05:00:00+00:00,2572.85
2017-07-05 05:00:00+00:00,2616.96
2017-07-06 05:00:00+00:00,2604.84
2017-07-07 05:00:00+00:00,2525.96
2017-07-08 05:00:00+00:00,2572.95
2017-07-09 05:00:00+00:00,2508.99
2017-07-10 05:00:00+00:00,2326.78
2017-07-11 05:00:00+00:00,2310.01
2017-07-12 05:00:00+00:00,2383.42
2017-07-13 05:00:00+00:00,2323.34
2017-07-14 05:00:00+00:00,2130.03
2017-07-15 05:00:00+00:00,1998.95
2017-07-16 05:00:00+00:00,1972.98
2017-07-17 05:00:00+00:00,2182.93
2017-07-18 05:00:00+00:00,2323.24
2017-07-19 05:00:00+00:00,2258.99
2017-07-20 05:00:00+00:00,2849.0
2017-07-21 05:00:00+00:00,2657.45
2017-07-22 05:00:00+00:00,2810.59
2017-07-23 05:00:00+00:00,2754.28
2017-07-24 05:00:00+00:00,2762.01
2017-07-25 05:00:00+00:00,2510.01
2017-07-26 05:00:00+00:00,2564.82
2017-07-27 05:00:00+00:00,2664.99
2017-07-28 05:00:00+00:00,2786.07
2017-07-29 05:00:00+00:00,2707.98
2017-07-30 05:00:00+00:00,2723.99
2017-07-31 05:00:00+00:00,2885.0
2017-08-01 05:00:00+00:00,2741.96
2017-08-02 05:00:00+00:00,2699.9
2017-08-03 05:00:00+00:00,2771.86
2017-08-04 05:00:00+00:00,2867.22
2017-08-05 05:00:00+00:00,3201.01
2017-08-06 05:00:00+00:00,3220.0
2017-08-07 05:00:00+00:00,3464.66
2017-08-08 05:00:00+00:00,3357.01
2017-08-09 05:00:00+00:00,3342.8
2017-08-10 05:00:00+00:00,3444.98
2017-08-11 05:00:00+00:00,3735.0
2017-08-12 05:00:00+00:00,4060.24
2017-08-13 05:00:00+00:00,4041.54
2017-08-14 05:00:00+00:00,4369.76
2017-08-15 05:00:00+00:00,4159.93
2017-08-16 05:00:00+00:00,4303.06
2017-08-17 05:00:00+00:00,4280.01
2017-08-18 05:00:00+00:00,4101.72
2017-08-19 05:00:00+00:00,4157.41
2017-08-20 05:00:00+00:00,4074.42
2017-08-21 05:00:00+00:00,3662.74
2017-08-22 05:00:00+00:00,4092.0
2017-08-23 05:00:00+00:00,4143.27
2017-08-24 05:00:00+00:00,4312.03
2017-08-25 05:00:00+00:00,4360.0
2017-08-26 05:00:00+00:00,4326.0
2017-08-27 05:00:00+00:00,4261.26
2017-08-28 05:00:00+00:00,4389.47
2017-08-29 05:00:00+00:00,4618.74
2017-08-30 05:00:00+00:00,4581.98
2017-08-31 05:00:00+00:00,4715.8
2017-09-01 05:00:00+00:00,4850.01
2017-09-02 05:00:00+00:00,4649.99
2017-09-03 05:00:00+00:00,4578.28
2017-09-04 05:00:00+00:00,4498.25
2017-09-05 05:00:00+00:00,4449.59
2017-09-06 05:00:00+00:00,4616.18
2017-09-07 05:00:00+00:00,4584.97
2017-09-08 05:00:00+00:00,4350.0
2017-09-09 05:00:00+00:00,4256.28
2017-09-10 05:00:00+00:00,4251.36
2017-09-11 05:00:00+00:00,4286.05
2017-09-12 05:00:00+00:00,4010.15
2017-09-13 05:00:00+00:00,3808.96
2017-09-14 05:00:00+00:00,3317.3
2017-09-15 05:00:00+00:00,3740.02
2017-09-16 05:00:00+00:00,3726.51
2017-09-17 05:00:00+00:00,3719.97
2017-09-18 05:00:00+00:00,3908.02
2017-09-19 05:00:00+00:00,3910.11
2017-09-20 05:00:00+00:00,3862.58
2017-09-21 05:00:00+00:00,3735.24
2017-09-22 05:00:00+00:00,3619.01
2017-09-23 05:00:00+00:00,3688.7
2017-09-24 05:00:00+00:00,3789.99
2017-09-25 05:00:00+00:00,3913.0
2017-09-26 05:00:00+00:00,3938.55
2017-09-27 05:00:00+00:00,4200.0
2017-09-28 05:00:00+00:00,4073.2
2017-09-29 05:00:00+00:00,4156.99
2017-09-30 05:00:00+00:00,4300.97
2017-10-01 05:00:00+00:00,4419.99
2017-10-02 05:00:00+00:00,4412.43
2017-10-03 05:00:00+00:00,4308.33
2017-10-04 05:00:00+00:00,4165.0
2017-10-05 05:00:00+00:00,4320.04
2017-10-06 05:00:00+00:00,4368.3
2017-10-07 05:00:00+00:00,4425.0
2017-10-08 05:00:00+00:00,4580.2
2017-10-09 05:00:00+00:00,4798.48
2017-10-10 05:00:00+00:00,4750.0
2017-10-11 05:00:00+00:00,4838.01
2017-10-12 05:00:00+00:00,5731.5
2017-10-13 05:00:00+00:00,5624.8
2017-10-14 05:00:00+00:00,5819.13
2017-10-15 05:00:00+00:00,5608.01
2017-10-16 05:00:00+00:00,5671.01
2017-10-17 05:00:00+00:00,5530.01
2017-10-18 05:00:00+00:00,5574.44
2017-10-19 05:00:00+00:00,5694.2
2017-10-20 05:00:00+00:00,5989.1
2017-10-21 05:00:00+00:00,5805.01
2017-10-22 05:00:00+00:00,6010.0
2017-10-23 05:00:00+00:00,5632.83
2017-10-24 05:00:00+00:00,5525.43
2017-10-25 05:00:00+00:00,5759.99
2017-10-26 05:00:00+00:00,5891.61
2017-10-27 05:00:00+00:00,5780.0
2017-10-28 05:00:00+00:00,5794.01
2017-10-29 05:00:00+00:00,6140.5
2017-10-30 05:00:00+00:00,6124.16
2017-10-31 05:00:00+00:00,6371.04
2017-11-01 05:00:00+00:00,6951.0
2017-11-02 05:00:00+00:00,7039.98
2017-11-03 05:00:00+00:00,7170.01
2017-11-04 05:00:00+00:00,7448.78
2017-11-05 05:00:00+00:00,7319.1
2017-11-06 06:00:00+00:00,7140.0
2017-11-07 06:00:00+00:00,7396.49
2017-11-08 06:00:00+00:00,7467.96
2017-11-09 06:00:00+00:00,7227.92
2017-11-10 06:00:00+00:00,6577.62
2017-11-11 06:00:00+00:00,5850.98
2017-11-12 06:00:00+00:00,5886.35
2017-11-13 06:00:00+00:00,6535.87
2017-11-14 06:00:00+00:00,6854.01
2017-11-15 06:00:00+00:00,7220.08
2017-11-16 06:00:00+00:00,7838.53
2017-11-17 06:00:00+00:00,7714.71
2017-11-18 06:00:00+00:00,7783.0
2017-11-19 06:00:00+00:00,8021.9
2017-11-20 06:00:00+00:00,8075.0
2017-11-21 06:00:00+00:00,8170.04
2017-11-22 06:00:00+00:00,8250.0
2017-11-23 06:00:00+00:00,8031.16
2017-11-24 06:00:00+00:00,8253.55
2017-11-25 06:00:00+00:00,9040.0
2017-11-26 06:00:00+00:00,9710.0
2017-11-27 06:00:00+00:00,9768.71
2017-11-28 06:00:00+00:00,10110.5
2017-11-29 06:00:00+00:00,9935.98
2017-11-30 06:00:00+00:00,9903.0
2017-12-01 06:00:00+00:00,10869.84
2017-12-02 06:00:00+00:00,11063.88
2017-12-03 06:00:00+00:00,11445.01
2017-12-04 06:00:00+00:00,11643.98
2017-12-05 06:00:00+00:00,12299.99
2017-12-06 06:00:00+00:00,14397.0
2017-12-07 06:00:00+00:00,16217.0
2017-12-08 06:00:00+00:00,16367.03
2017-12-09 06:00:00+00:00,15309.98
2017-12-10 06:00:00+00:00,15290.01
2017-12-11 06:00:00+00:00,16765.99
2017-12-12 06:00:00+00:00,17730.12
2017-12-13 06:00:00+00:00,16689.61
2017-12-14 06:00:00+00:00,17437.96
2017-12-15 06:00:00+00:00,17824.99
2017-12-16 06:00:00+00:00,19535.95
2017-12-17 06:00:00+00:00,19141.57
2017-12-18 06:00:00+00:00,19039.01
2017-12-19 06:00:00+00:00,16661.34
2017-12-20 06:00:00+00:00,16870.01
2017-12-21 06:00:00+00:00,14307.86
2017-12-22 06:00:00+00:00,14210.57
2017-12-23 06:00:00+00:00,15075.89
2017-12-24 06:00:00+00:00,14221.94
2017-12-25 06:00:00+00:00,15366.36
2017-12-26 06:00:00+00:00,16439.99
2017-12-27 06:00:00+00:00,13880.0
2017-12-28 06:00:00+00:00,14450.01
2017-12-29 06:00:00+00:00,14007.99
2017-12-30 06:00:00+00:00,12917.62
2017-12-31 06:00:00+00:00,13863.13
2018-01-01 06:00:00+00:00,13194.02
2018-01-02 06:00:00+00:00,15098.88
2018-01-03 06:00:00+00:00,15098.14
2018-01-04 06:00:00+00:00,15038.0
2018-01-05 06:00:00+00:00,16594.08
2018-01-06 06:00:00+00:00,17098.99
2018-01-07 06:00:00+00:00,15862.9
2018-01-08 06:00:00+00:00,14993.74
2018-01-09 06:00:00+00:00,14227.0
2018-01-10 06:00:00+00:00,13193.72
2018-01-11 06:00:00+00:00,13308.06
2018-01-12 06:00:00+00:00,13820.0
2018-01-13 06:00:00+00:00,14187.95
2018-01-14 06:00:00+00:00,13600.0
2018-01-15 06:00:00+00:00,13149.9
2018-01-16 06:00:00+00:00,11148.07
2018-01-17 06:00:00+00:00,11200.01
2018-01-18 06:00:00+00:00,11305.53
2018-01-19 06:00:00+00:00,11498.99
2018-01-20 06:00:00+00:00,12107.99
2018-01-21 06:00:00+00:00,11455.0
2018-01-22 06:00:00+00:00,10766.7
2018-01-23 06:00:00+00:00,10824.94
2018-01-24 06:00:00+00:00,11487.28
2018-01-25 06:00:00+00:00,11287.8
2018-01-26 06:00:00+00:00,11086.89
2018-01-27 06:00:00+00:00,11531.01
2018-01-28 06:00:00+00:00,11536.0
2018-01-29 06:00:00+00:00,10940.01
2018-01-30 06:00:00+00:00,9870.49
2018-01-31 06:00:00+00:00,10049.98
2018-02-01 06:00:00+00:00,8527.02
2018-02-02 06:00:00+00:00,8787.52
2018-02-03 06:00:00+00:00,9277.75
2018-02-04 06:00:00+00:00,8197.45
2018-02-05 06:00:00+00:00,6389.09
2018-02-06 06:00:00+00:00,7455.0
2018-02-07 06:00:00+00:00,7971.23
2018-02-08 06:00:00+00:00,7875.01
2018-02-09 06:00:00+00:00,8860.07
2018-02-10 06:00:00+00:00,8112.16
2018-02-11 06:00:00+00:00,8362.7
2018-02-12 06:00:00+00:00,8616.98
2018-02-13 06:00:00+00:00,8823.53
2018-02-14 06:00:00+00:00,9700.0
2018-02-15 06:00:00+00:00,10031.23
2018-02-16 06:00:00+00:00,10555.42
2018-02-17 06:00:00+00:00,10483.99
2018-02-18 06:00:00+00:00,10380.04
2018-02-19 06:00:00+00:00,11437.04
2018-02-20 06:00:00+00:00,10824.54
2018-02-21 06:00:00+00:00,10454.27
2018-02-22 06:00:00+00:00,9830.0
2018-02-23 06:00:00+00:00,10445.44
2018-02-24 06:00:00+00:00,9688.62
2018-02-25 06:00:00+00:00,9624.71
2018-02-26 06:00:00+00:00,10305.56
2018-02-27 06:00:00+00:00,10940.0
2018-02-28 06:00:00+00:00,10307.27
2018-03-01 06:00:00+00:00,10983.51
2018-03-02 06:00:00+00:00,11305.04
2018-03-03 06:00:00+00:00,11199.99
2018-03-04 06:00:00+00:00,11506.0
2018-03-05 06:00:00+00:00,11298.05
2018-03-06 06:00:00+00:00,10664.99
2018-03-07 06:00:00+00:00,9925.0
2018-03-08 06:00:00+00:00,8499.9
2018-03-09 06:00:00+00:00,9255.0
2018-03-10 06:00:00+00:00,8839.96
2018-03-11 06:00:00+00:00,9550.01
2018-03-12 05:00:00+00:00,9381.33
2018-03-13 05:00:00+00:00,9092.01
2018-03-14 05:00:00+00:00,7917.0
2018-03-15 05:00:00+00:00,8259.99
2018-03-16 05:00:00+00:00,8275.0
2018-03-17 05:00:00+00:00,7588.0
2018-03-18 05:00:00+00:00,8192.0
2018-03-19 05:00:00+00:00,8457.99
2018-03-20 05:00:00+00:00,9060.9
2018-03-21 05:00:00+00:00,8891.81
2018-03-22 05:00:00+00:00,8412.06
2018-03-23 05:00:00+00:00,8940.38
2018-03-24 05:00:00+00:00,8531.34
2018-03-25 05:00:00+00:00,8438.92
2018-03-26 05:00:00+00:00,7770.0
2018-03-27 05:00:00+00:00,7793.61
2018-03-28 05:00:00+00:00,7600.0
2018-03-29 05:00:00+00:00,6704.79
2018-03-30 05:00:00+00:00,7020.0
2018-03-31 05:00:00+00:00,6938.72
2018-04-01 05:00:00+00:00,6816.01
2018-04-02 05:00:00+00:00,7370.0
2018-04-03 05:00:00+00:00,7424.9
2018-04-04 05:00:00+00:00,6780.02
2018-04-05 05:00:00+00:00,6785.85
2018-04-06 05:00:00+00:00,6842.4
2018-04-07 05:00:00+00:00,6969.0
2018-04-08 05:00:00+00:00,7135.13
2018-04-09 05:00:00+00:00,6760.24
2018-04-10 05:00:00+00:00,6827.98
2018-04-11 05:00:00+00:00,6960.0
2018-04-12 05:00:00+00:00,7814.0
2018-04-13 05:00:00+00:00,7893.19
2018-04-14 05:00:00+00:00,8105.15
2018-04-15 05:00:00+00:00,8138.78
2018-04-16 05:00:00+00:00,8048.93
2018-04-17 05:00:00+00:00,7924.99
2018-04-18 05:00:00+00:00,8185.22
2018-04-19 05:00:00+00:00,8260.0
2018-04-20 05:00:00+00:00,8866.27
2018-04-21 05:00:00+00:00,8915.42
2018-04-22 05:00:00+00:00,8855.0
2018-04-23 05:00:00+00:00,9256.55
2018-04-24 05:00:00+00:00,9298.99
2018-04-25 05:00:00+00:00,8865.98
2018-04-26 05:00:00+00:00,9203.02
2018-04-27 05:00:00+00:00,9121.82
2018-04-28 05:00:00+00:00,9329.99
2018-04-29 05:00:00+00:00,9269.0
2018-04-30 05:00:00+00:00,9243.83
2018-05-01 05:00:00+00:00,9071.99
2018-05-02 05:00:00+00:00,9255.11
2018-05-03 05:00:00+00:00,9725.74
2018-05-04 05:00:00+00:00,9825.05
2018-05-05 05:00:00+00:00,9800.01
2018-05-06 05:00:00+00:00,9309.99
2018-05-07 05:00:00+00:00,9410.57
2018-05-08 05:00:00+00:00,9054.99
2018-05-09 05:00:00+00:00,9291.7
2018-05-10 05:00:00+00:00,8948.51
2018-05-11 05:00:00+00:00,8403.33
2018-05-12 05:00:00+00:00,8363.87
2018-05-13 05:00:00+00:00,8377.07
2018-05-14 05:00:00+00:00,8687.03
2018-05-15 05:00:00+00:00,8477.46
2018-05-16 05:00:00+00:00,8321.65
2018-05-17 05:00:00+00:00,8059.0
2018-05-18 05:00:00+00:00,8238.51
2018-05-19 05:00:00+00:00,8264.12
2018-05-20 05:00:00+00:00,8511.12
2018-05-21 05:00:00+00:00,8288.01
2018-05-22 05:00:00+00:00,7897.0
2018-05-23 05:00:00+00:00,7505.0
2018-05-24 05:00:00+00:00,7596.98
2018-05-25 05:00:00+00:00,7383.46
2018-05-26 05:00:00+00:00,7307.28
2018-05-27 05:00:00+00:00,7332.14
2018-05-28 05:00:00+00:00,7120.0
2018-05-29 05:00:00+00:00,7460.0
2018-05-30 05:00:00+00:00,7489.21
2018-05-31 05:00:00+00:00,7485.0
2018-06-01 05:00:00+00:00,7480.16
2018-06-02 05:00:00+00:00,7645.97
2018-06-03 05:00:00+00:00,7696.21
2018-06-04 05:00:00+00:00,7387.73
2018-06-05 05:00:00+00:00,7587.38
2018-06-06 05:00:00+00:00,7714.41
2018-06-07 05:00:00+00:00,7684.93
2018-06-08 05:00:00+00:00,7660.8
2018-06-09 05:00:00+00:00,7290.0
2018-06-10 05:00:00+00:00,6770.31
2018-06-11 05:00:00+00:00,6829.01
2018-06-12 05:00:00+00:00,6589.45
2018-06-13 05:00:00+00:00,6475.17
2018-06-14 05:00:00+00:00,6638.49
2018-06-15 05:00:00+00:00,6430.0
2018-06-16 05:00:00+00:00,6527.52
2018-06-17 05:00:00+00:00,6405.64
2018-06-18 05:00:00+00:00,6708.01
2018-06-19 05:00:00+00:00,6602.64
2018-06-20 05:00:00+00:00,6760.09
2018-06-21 05:00:00+00:00,6662.66
2018-06-22 05:00:00+00:00,6133.29
2018-06-23 05:00:00+00:00,5918.77
2018-06-24 05:00:00+00:00,6141.33
2018-06-25 05:00:00+00:00,6246.01
2018-06-26 05:00:00+00:00,6055.01
2018-06-27 05:00:00+00:00,6102.91
2018-06-28 05:00:00+00:00,5855.21
2018-06-29 05:00:00+00:00,6382.63
2018-06-30 05:00:00+00:00,6345.52
2018-07-01 05:00:00+00:00,6304.55
2018-07-02 05:00:00+00:00,6611.79
2018-07-03 05:00:00+00:00,6469.0
2018-07-04 05:00:00+00:00,6620.99
2018-07-05 05:00:00+00:00,6532.95
2018-07-06 05:00:00+00:00,6599.01
2018-07-07 05:00:00+00:00,6753.28
2018-07-08 05:00:00+00:00,6700.26
2018-07-09 05:00:00+00:00,6641.39
2018-07-10 05:00:00+00:00,6345.25
2018-07-11 05:00:00+00:00,6333.01
2018-07-12 05:00:00+00:00,6243.54
2018-07-13 05:00:00+00:00,6219.99
2018-07-14 05:00:00+00:00,6248.65
2018-07-15 05:00:00+00:00,6350.0
2018-07-16 05:00:00+00:00,6711.56
2018-07-17 05:00:00+00:00,7438.02
2018-07-18 05:00:00+00:00,7378.99
2018-07-19 05:00:00+00:00,7441.31
2018-07-20 05:00:00+00:00,7334.46
2018-07-21 05:00:00+00:00,7394.62
2018-07-22 05:00:00+00:00,7665.01
2018-07-23 05:00:00+00:00,7849.99
2018-07-24 05:00:00+00:00,8385.5
2018-07-25 05:00:00+00:00,8220.0
2018-07-26 05:00:00+00:00,7930.01
2018-07-27 05:00:00+00:00,8210.0
2018-07-28 05:00:00+00:00,8192.09
2018-07-29 05:00:00+00:00,8175.0
2018-07-30 05:00:00+00:00,8113.67
2018-07-31 05:00:00+00:00,7529.4
2018-08-01 05:00:00+00:00,7627.41
2018-08-02 05:00:00+00:00,7359.98
2018-08-03 05:00:00+00:00,7468.84
2018-08-04 05:00:00+00:00,7005.0
2018-08-05 05:00:00+00:00,7080.0
2018-08-06 05:00:00+00:00,6950.92
2018-08-07 05:00:00+00:00,6497.99
2018-08-08 05:00:00+00:00,6355.0
2018-08-09 05:00:00+00:00,6546.45
2018-08-10 05:00:00+00:00,6106.28
2018-08-11 05:00:00+00:00,6264.99
2018-08-12 05:00:00+00:00,6338.22
2018-08-13 05:00:00+00:00,6018.43
2018-08-14 05:00:00+00:00,6330.0
2018-08-15 05:00:00+00:00,6269.01
2018-08-16 05:00:00+00:00,6470.02
2018-08-17 05:00:00+00:00,6585.49
2018-08-18 05:00:00+00:00,6375.0
2018-08-19 05:00:00+00:00,6461.11
2018-08-20 05:00:00+00:00,6300.54
2018-08-21 05:00:00+00:00,6719.9
2018-08-22 05:00:00+00:00,6398.0
2018-08-23 05:00:00+00:00,6503.0
2018-08-24 05:00:00+00:00,6740.44
2018-08-25 05:00:00+00:00,6737.52
2018-08-26 05:00:00+00:00,6702.0
2018-08-27 05:00:00+00:00,6898.08
2018-08-28 05:00:00+00:00,7071.01
2018-08-29 05:00:00+00:00,7015.0
2018-08-30 05:00:00+00:00,7002.43
2018-08-31 05:00:00+00:00,7045.51
2018-09-01 05:00:00+00:00,7201.3
2018-09-02 05:00:00+00:00,7205.0
2018-09-03 05:00:00+00:00,7250.77
2018-09-04 05:00:00+00:00,7353.0
2018-09-05 05:00:00+00:00,6429.94
2018-09-06 05:00:00+00:00,6495.0
2018-09-07 05:00:00+00:00,6422.66
2018-09-08 05:00:00+00:00,6188.0
2018-09-09 05:00:00+00:00,6277.12
2018-09-10 05:00:00+00:00,6322.01
2018-09-11 05:00:00+00:00,6282.53
2018-09-12 05:00:00+00:00,6388.39
2018-09-13 05:00:00+00:00,6539.99
2018-09-14 05:00:00+00:00,6478.04
2018-09-15 05:00:00+00:00,6449.55
2018-09-16 05:00:00+00:00,6472.05
2018-09-17 05:00:00+00:00,6260.51
2018-09-18 05:00:00+00:00,6335.7
2018-09-19 05:00:00+00:00,6387.93
2018-09-20 05:00:00+00:00,6536.72
2018-09-21 05:00:00+00:00,6750.0
2018-09-22 05:00:00+00:00,6707.33
2018-09-23 05:00:00+00:00,6696.61
2018-09-24 05:00:00+00:00,6456.51
2018-09-25 05:00:00+00:00,6436.89
2018-09-26 05:00:00+00:00,6472.0
2018-09-27 05:00:00+00:00,6700.01
2018-09-28 05:00:00+00:00,6492.13
2018-09-29 05:00:00+00:00,6546.95
2018-09-30 05:00:00+00:00,6607.01
2018-10-01 05:00:00+00:00,6572.83
2018-10-02 05:00:00+00:00,6423.75
2018-10-03 05:00:00+00:00,6564.63
2018-10-04 05:00:00+00:00,6537.53
2018-10-05 05:00:00+00:00,6570.43
2018-10-06 05:00:00+00:00,6546.44
2018-10-07 05:00:00+00:00,6557.64
2018-10-08 05:00:00+00:00,6605.96
2018-10-09 05:00:00+00:00,6529.0
2018-10-10 05:00:00+00:00,6225.34
2018-10-11 05:00:00+00:00,6154.69
2018-10-12 05:00:00+00:00,6193.61
2018-10-13 05:00:00+00:00,6263.0
2018-10-14 05:00:00+00:00,6212.46
2018-10-15 05:00:00+00:00,6440.42
2018-10-16 05:00:00+00:00,6448.6
2018-10-17 05:00:00+00:00,6455.43
2018-10-18 05:00:00+00:00,6398.01
2018-10-19 05:00:00+00:00,6385.43
2018-10-20 05:00:00+00:00,6432.02
2018-10-21 05:00:00+00:00,6420.05
2018-10-22 05:00:00+00:00,6404.87
2018-10-23 05:00:00+00:00,6457.68
2018-10-24 05:00:00+00:00,6394.0
2018-10-25 05:00:00+00:00,6386.0
2018-10-26 05:00:00+00:00,6404.87
2018-10-27 05:00:00+00:00,6410.83
2018-10-28 05:00:00+00:00,6403.71
2018-10-29 05:00:00+00:00,6288.99
2018-10-30 05:00:00+00:00,6264.49
2018-10-31 05:00:00+00:00,6304.18
2018-11-01 05:00:00+00:00,6355.01
2018-11-02 05:00:00+00:00,6337.01
2018-11-03 05:00:00+00:00,6330.38
2018-11-04 05:00:00+00:00,6408.9
2018-11-05 06:00:00+00:00,6397.0
2018-11-06 06:00:00+00:00,6507.95
2018-11-07 06:00:00+00:00,6450.01
2018-11-08 06:00:00+00:00,6402.43
2018-11-09 06:00:00+00:00,6334.89
2018-11-10 06:00:00+00:00,6350.04
2018-11-11 06:00:00+00:00,6357.6
2018-11-12 06:00:00+00:00,6302.97
2018-11-13 06:00:00+00:00,6291.52
2018-11-14 06:00:00+00:00,5608.1
2018-11-15 06:00:00+00:00,5579.52
2018-11-16 06:00:00+00:00,5512.24
2018-11-17 06:00:00+00:00,5539.7
2018-11-18 06:00:00+00:00,5430.44
2018-11-19 06:00:00+00:00,4593.01
2018-11-20 06:00:00+00:00,4349.23
2018-11-21 06:00:00+00:00,4545.11
2018-11-22 06:00:00+00:00,4220.0
2018-11-23 06:00:00+00:00,4275.12
2018-11-24 06:00:00+00:00,3666.01
2018-11-25 06:00:00+00:00,3936.69
2018-11-26 06:00:00+00:00,3731.32
2018-11-27 06:00:00+00:00,3983.79
2018-11-28 06:00:00+00:00,4225.04
2018-11-29 06:00:00+00:00,4264.65
2018-11-30 06:00:00+00:00,3940.0
2018-12-01 06:00:00+00:00,4142.01
2018-12-02 06:00:00+00:00,3959.75
2018-12-03 06:00:00+00:00,3833.47
2018-12-04 06:00:00+00:00,3848.29
2018-12-05 06:00:00+00:00,3819.88
2018-12-06 06:00:00+00:00,3402.87
2018-12-07 06:00:00+00:00,3380.01
2018-12-08 06:00:00+00:00,3402.47
2018-12-09 06:00:00+00:00,3528.97
2018-12-10 06:00:00+00:00,3413.34
2018-12-11 06:00:00+00:00,3349.98
2018-12-12 06:00:00+00:00,3369.19
2018-12-13 06:00:00+00:00,3252.24
2018-12-14 06:00:00+00:00,3212.54
2018-12-15 06:00:00+00:00,3235.29
2018-12-16 06:00:00+00:00,3208.6
2018-12-17 06:00:00+00:00,3496.82
2018-12-18 06:00:00+00:00,3743.75
2018-12-19 06:00:00+00:00,3682.51
2018-12-20 06:00:00+00:00,3942.06
2018-12-21 06:00:00+00:00,3839.06
2018-12-22 06:00:00+00:00,3980.46
2018-12-23 06:00:00+00:00,4211.01
2018-12-24 06:00:00+00:00,3791.66
2018-12-25 06:00:00+00:00,3830.73
2018-12-26 06:00:00+00:00,3725.64
2018-12-27 06:00:00+00:00,3589.89
2018-12-28 06:00:00+00:00,3888.06
2018-12-29 06:00:00+00:00,3729.31
2018-12-30 06:00:00+00:00,3780.62
2018-12-31 06:00:00+00:00,3690.0
2019-01-01 06:00:00+00:00,3800.01
2019-01-02 06:00:00+00:00,3850.06
2019-01-03 06:00:00+00:00,3787.57
2019-01-04 06:00:00+00:00,3859.75
2019-01-05 06:00:00+00:00,3800.01
2019-01-06 06:00:00+00:00,4040.99
2019-01-07 06:00:00+00:00,3976.99
2019-01-08 06:00:00+00:00,4019.67
2019-01-09 06:00:00+00:00,4025.69
2019-01-10 06:00:00+00:00,3617.39
2019-01-11 06:00:00+00:00,3635.69
2019-01-12 06:00:00+00:00,3619.41
2019-01-13 06:00:00+00:00,3534.51
2019-01-14 06:00:00+00:00,3664.05
2019-01-15 06:00:00+00:00,3604.28
2019-01-16 06:00:00+00:00,3609.71
2019-01-17 06:00:00+00:00,3619.51
2019-01-18 06:00:00+00:00,3607.85
2019-01-19 06:00:00+00:00,3690.0
2019-01-20 06:00:00+00:00,3533.48
2019-01-21 06:00:00+00:00,3529.56
2019-01-22 06:00:00+00:00,3577.03
2019-01-23 06:00:00+00:00,3531.76
2019-01-24 06:00:00+00:00,3563.75
2019-01-25 06:00:00+00:00,3562.17
2019-01-26 06:00:00+00:00,3550.35
2019-01-27 06:00:00+00:00,3423.15
2019-01-28 06:00:00+00:00,3429.95
2019-01-29 06:00:00+00:00,3422.66
2019-01-30 06:00:00+00:00,3444.18
2019-01-31 06:00:00+00:00,3411.5
2019-02-01 06:00:00+00:00,3422.12
2019-02-02 06:00:00+00:00,3468.43
2019-02-03 06:00:00+00:00,3416.0
2019-02-04 06:00:00+00:00,3416.01
2019-02-05 06:00:00+00:00,3428.4
2019-02-06 06:00:00+00:00,3371.44
2019-02-07 06:00:00+00:00,3359.0
2019-02-08 06:00:00+00:00,3621.99
2019-02-09 06:00:00+00:00,3618.51
2019-02-10 06:00:00+00:00,3588.45
2019-02-11 06:00:00+00:00,3590.36
2019-02-12 06:00:00+00:00,3602.6
2019-02-13 06:00:00+00:00,3576.68
2019-02-14 06:00:00+00:00,3575.9
2019-02-15 06:00:00+00:00,3585.62
2019-02-16 06:00:00+00:00,3598.31
2019-02-17 06:00:00+00:00,3677.05
2019-02-18 06:00:00+00:00,3867.0
2019-02-19 06:00:00+00:00,3888.01
2019-02-20 06:00:00+00:00,3951.12
2019-02-21 06:00:00+00:00,3897.71
2019-02-22 06:00:00+00:00,3927.98
2019-02-23 06:00:00+00:00,4159.0
2019-02-24 06:00:00+00:00,3734.22
2019-02-25 06:00:00+00:00,3818.79
2019-02-26 06:00:00+00:00,3807.5
2019-02-27 06:00:00+00:00,3799.91
2019-02-28 06:00:00+00:00,3800.39
2019-03-01 06:00:00+00:00,3804.46
2019-03-02 06:00:00+00:00,3809.7
2019-03-03 06:00:00+00:00,3723.52
2019-03-04 06:00:00+00:00,3700.72
2019-03-05 06:00:00+00:00,3826.25
2019-03-06 06:00:00+00:00,3866.03
2019-03-07 06:00:00+00:00,3877.01
2019-03-08 06:00:00+00:00,3859.99
2019-03-09 06:00:00+00:00,3917.0
2019-03-10 06:00:00+00:00,3890.04
2019-03-11 05:00:00+00:00,3849.68
2019-03-12 05:00:00+00:00,3862.95
2019-03-13 05:00:00+00:00,3851.43
2019-03-14 05:00:00+00:00,3859.91
2019-03-15 05:00:00+00:00,4013.02
2019-03-16 05:00:00+00:00,3990.0
2019-03-17 05:00:00+00:00,3980.48
2019-03-18 05:00:00+00:00,3956.99
2019-03-19 05:00:00+00:00,4000.85
2019-03-20 05:00:00+00:00,4029.01
2019-03-21 05:00:00+00:00,3972.76
2019-03-22 05:00:00+00:00,3983.78
2019-03-23 05:00:00+00:00,3968.84
2019-03-24 05:00:00+00:00,3970.01
2019-03-25 05:00:00+00:00,3910.01
2019-03-26 05:00:00+00:00,3974.99
2019-03-27 05:00:00+00:00,3999.08
2019-03-28 05:00:00+00:00,4011.17
2019-03-29 05:00:00+00:00,4091.01
2019-03-30 05:00:00+00:00,4084.16
2019-03-31 05:00:00+00:00,4125.16
2019-04-01 05:00:00+00:00,4687.29
2019-04-02 05:00:00+00:00,4916.96
2019-04-03 05:00:00+00:00,4975.97
2019-04-04 05:00:00+00:00,4906.49
2019-04-05 05:00:00+00:00,5013.22
2019-04-06 05:00:00+00:00,5140.01
2019-04-07 05:00:00+00:00,5317.87
2019-04-08 05:00:00+00:00,5285.54
2019-04-09 05:00:00+00:00,5232.63
2019-04-10 05:00:00+00:00,5318.58
2019-04-11 05:00:00+00:00,5032.28
2019-04-12 05:00:00+00:00,5078.19
2019-04-13 05:00:00+00:00,5066.22
2019-04-14 05:00:00+00:00,5164.27
2019-04-15 05:00:00+00:00,5058.01
2019-04-16 05:00:00+00:00,5237.11
2019-04-17 05:00:00+00:00,5227.0
2019-04-18 05:00:00+00:00,5241.81
2019-04-19 05:00:00+00:00,5325.0
2019-04-20 05:00:00+00:00,5331.77
2019-04-21 05:00:00+00:00,5274.99
2019-04-22 05:00:00+00:00,5517.71
2019-04-23 05:00:00+00:00,5532.75
2019-04-24 05:00:00+00:00,5425.19
2019-04-25 05:00:00+00:00,5176.42
2019-04-26 05:00:00+00:00,5139.0
2019-04-27 05:00:00+00:00,5166.1
2019-04-28 05:00:00+00:00,5187.5
2019-04-29 05:00:00+00:00,5132.01
2019-04-30 05:00:00+00:00,5270.69
2019-05-01 05:00:00+00:00,5319.99
2019-05-02 05:00:00+00:00,5390.01
2019-05-03 05:00:00+00:00,5705.01
2019-05-04 05:00:00+00:00,5770.01
2019-05-05 05:00:00+00:00,5715.86
2019-05-06 05:00:00+00:00,5886.74
2019-05-07 05:00:00+00:00,5812.72
2019-05-08 05:00:00+00:00,6063.37
2019-05-09 05:00:00+00:00,6153.09
2019-05-10 05:00:00+00:00,6696.37
2019-05-11 05:00:00+00:00,7197.74
2019-05-12 05:00:00+00:00,7081.01
2019-05-13 05:00:00+00:00,8017.01
2019-05-14 05:00:00+00:00,7990.92
2019-05-15 05:00:00+00:00,7971.21
2019-05-16 05:00:00+00:00,7229.98
2019-05-17 05:00:00+00:00,7363.69
2019-05-18 05:00:00+00:00,7989.49
2019-05-19 05:00:00+00:00,8038.51
2019-05-20 05:00:00+00:00,7999.54
2019-05-21 05:00:00+00:00,7944.13
2019-05-22 05:00:00+00:00,7626.48
2019-05-23 05:00:00+00:00,7841.61
2019-05-24 05:00:00+00:00,8014.9
2019-05-25 05:00:00+00:00,8033.13
2019-05-26 05:00:00+00:00,8728.95
2019-05-27 05:00:00+00:00,8772.29
2019-05-28 05:00:00+00:00,8715.36
2019-05-29 05:00:00+00:00,8683.92
2019-05-30 05:00:00+00:00,8279.69
2019-05-31 05:00:00+00:00,8554.06
2019-06-01 05:00:00+00:00,8586.54
2019-06-02 05:00:00+00:00,8687.05
2019-06-03 05:00:00+00:00,7952.99
2019-06-04 05:00:00+00:00,7670.96
2019-06-05 05:00:00+00:00,7832.6
2019-06-06 05:00:00+00:00,7791.19
2019-06-07 05:00:00+00:00,7998.13
2019-06-08 05:00:00+00:00,7902.0
2019-06-09 05:00:00+00:00,7648.97
2019-06-10 05:00:00+00:00,8015.69
2019-06-11 05:00:00+00:00,7991.01
2019-06-12 05:00:00+00:00,8176.02
2019-06-13 05:00:00+00:00,8242.99
2019-06-14 05:00:00+00:00,8697.46
2019-06-15 05:00:00+00:00,9101.0
2019-06-16 05:00:00+00:00,9185.0
2019-06-17 05:00:00+00:00,9331.75
2019-06-18 05:00:00+00:00,9078.48
2019-06-19 05:00:00+00:00,9311.84
2019-06-20 05:00:00+00:00,9742.27
2019-06-21 05:00:00+00:00,10647.83
2019-06-22 05:00:00+00:00,10666.86
2019-06-23 05:00:00+00:00,10778.84
2019-06-24 05:00:00+00:00,11210.0
2019-06-25 05:00:00+00:00,12443.7
2019-06-26 05:00:00+00:00,12845.89
2019-06-27 05:00:00+00:00,11159.29
2019-06-28 05:00:00+00:00,12360.45
2019-06-29 05:00:00+00:00,12028.74
2019-06-30 05:00:00+00:00,11071.34
2019-07-01 05:00:00+00:00,10577.63
2019-07-02 05:00:00+00:00,11272.07
2019-07-03 05:00:00+00:00,11976.42
2019-07-04 05:00:00+00:00,11169.01
2019-07-05 05:00:00+00:00,11004.51
2019-07-06 05:00:00+00:00,11279.31
2019-07-07 05:00:00+00:00,11481.0
2019-07-08 05:00:00+00:00,12718.36
2019-07-09 05:00:00+00:00,13035.09
2019-07-10 05:00:00+00:00,12097.96
2019-07-11 05:00:00+00:00,11349.0
2019-07-12 05:00:00+00:00,11638.73
2019-07-13 05:00:00+00:00,11184.74
2019-07-14 05:00:00+00:00,10159.2
2019-07-15 05:00:00+00:00,10772.33
2019-07-16 05:00:00+00:00,9422.72
2019-07-17 05:00:00+00:00,9696.31
2019-07-18 05:00:00+00:00,10476.99
2019-07-19 05:00:00+00:00,10538.06
2019-07-20 05:00:00+00:00,10643.15
2019-07-21 05:00:00+00:00,10570.34
2019-07-22 05:00:00+00:00,10323.39
2019-07-23 05:00:00+00:00,9638.31
2019-07-24 05:00:00+00:00,10067.47
2019-07-25 05:00:00+00:00,9741.81
2019-07-26 05:00:00+00:00,10129.0
2019-07-27 05:00:00+00:00,9499.9
2019-07-28 05:00:00+00:00,9533.0
2019-07-29 05:00:00+00:00,9495.01
2019-07-30 05:00:00+00:00,9682.0
2019-07-31 05:00:00+00:00,9984.99
2019-08-01 05:00:00+00:00,10405.94
2019-08-02 05:00:00+00:00,10853.79
2019-08-03 05:00:00+00:00,10642.09
2019-08-04 05:00:00+00:00,11579.09
2019-08-05 05:00:00+00:00,11670.0
2019-08-06 05:00:00+00:00,11465.49
2019-08-07 05:00:00+00:00,11975.03
2019-08-08 05:00:00+00:00,11880.85
2019-08-09 05:00:00+00:00,11856.1
2019-08-10 05:00:00+00:00,11280.95
2019-08-11 05:00:00+00:00,11413.8
2019-08-12 05:00:00+00:00,11335.63
2019-08-13 05:00:00+00:00,10520.01
2019-08-14 05:00:00+00:00,9719.66
2019-08-15 05:00:00+00:00,10300.01
2019-08-16 05:00:00+00:00,10352.78
2019-08-17 05:00:00+00:00,10217.79
2019-08-18 05:00:00+00:00,10375.01
2019-08-19 05:00:00+00:00,10819.99
2019-08-20 05:00:00+00:00,10170.0
2019-08-21 05:00:00+00:00,10130.0
2019-08-22 05:00:00+00:00,10176.84
2019-08-23 05:00:00+00:00,10410.85
2019-08-24 05:00:00+00:00,10036.83
2019-08-25 05:00:00+00:00,10342.9
2019-08-26 05:00:00+00:00,10361.65
2019-08-27 05:00:00+00:00,10071.0
2019-08-28 05:00:00+00:00,9609.7
2019-08-29 05:00:00+00:00,9486.0
2019-08-30 05:00:00+00:00,9582.42
2019-08-31 05:00:00+00:00,9633.41
2019-09-01 05:00:00+00:00,9795.0
2019-09-02 05:00:00+00:00,10415.21
2019-09-03 05:00:00+00:00,10592.57
2019-09-04 05:00:00+00:00,10581.84
2019-09-05 05:00:00+00:00,10712.41
2019-09-06 05:00:00+00:00,10308.92
2019-09-07 05:00:00+00:00,10570.99
2019-09-08 05:00:00+00:00,10325.18
2019-09-09 05:00:00+00:00,10310.0
2019-09-10 05:00:00+00:00,10040.69
2019-09-11 05:00:00+00:00,10076.3
2019-09-12 05:00:00+00:00,10362.05
2019-09-13 05:00:00+00:00,10296.78
2019-09-14 05:00:00+00:00,10338.78
2019-09-15 05:00:00+00:00,10324.93
2019-09-16 05:00:00+00:00,10209.36
2019-09-17 05:00:00+00:00,10227.75
2019-09-18 05:00:00+00:00,9807.05
2019-09-19 05:00:00+00:00,10275.01
2019-09-20 05:00:00+00:00,10091.2
2019-09-21 05:00:00+00:00,9885.99
2019-09-22 05:00:00+00:00,9976.04
2019-09-23 05:00:00+00:00,9711.01
2019-09-24 05:00:00+00:00,8530.01
2019-09-25 05:00:00+00:00,8438.35
2019-09-26 05:00:00+00:00,8060.0
2019-09-27 05:00:00+00:00,8193.99
2019-09-28 05:00:00+00:00,8217.47
2019-09-29 05:00:00+00:00,7826.15
2019-09-30 05:00:00+00:00,8304.96
2019-10-01 05:00:00+00:00,8321.52
2019-10-02 05:00:00+00:00,8354.37
2019-10-03 05:00:00+00:00,8071.66
2019-10-04 05:00:00+00:00,8156.67
2019-10-05 05:00:00+00:00,8093.99
2019-10-06 05:00:00+00:00,7844.85
2019-10-07 05:00:00+00:00,8209.0
2019-10-08 05:00:00+00:00,8134.39
2019-10-09 05:00:00+00:00,8590.0
2019-10-10 05:00:00+00:00,8729.56
2019-10-11 05:00:00+00:00,8325.08
2019-10-12 05:00:00+00:00,8343.65
2019-10-13 05:00:00+00:00,8286.0
2019-10-14 05:00:00+00:00,8329.95
2019-10-15 05:00:00+00:00,8165.08
2019-10-16 05:00:00+00:00,7941.71
2019-10-17 05:00:00+00:00,8071.36
2019-10-18 05:00:00+00:00,7954.16
2019-10-19 05:00:00+00:00,7923.69
2019-10-20 05:00:00+00:00,8233.28
2019-10-21 05:00:00+00:00,8224.19
2019-10-22 05:00:00+00:00,7970.36
2019-10-23 05:00:00+00:00,7426.86
2019-10-24 05:00:00+00:00,7441.01
2019-10-25 05:00:00+00:00,9645.1
2019-10-26 05:00:00+00:00,9259.78
2019-10-27 05:00:00+00:00,9639.92
2019-10-28 05:00:00+00:00,9422.59
2019-10-29 05:00:00+00:00,9257.38
2019-10-30 05:00:00+00:00,9088.7
2019-10-31 05:00:00+00:00,9098.49
2019-11-01 05:00:00+00:00,9253.12
2019-11-02 05:00:00+00:00,9283.66
2019-11-03 05:00:00+00:00,9206.52
2019-11-04 06:00:00+00:00,9407.12
2019-11-05 06:00:00+00:00,9339.29
2019-11-06 06:00:00+00:00,9341.27
2019-11-07 06:00:00+00:00,9200.0
2019-11-08 06:00:00+00:00,8763.01
2019-11-09 06:00:00+00:00,8861.47
2019-11-10 06:00:00+00:00,9032.23
2019-11-11 06:00:00+00:00,8740.81
2019-11-12 06:00:00+00:00,8810.0
2019-11-13 06:00:00+00:00,8679.37
2019-11-14 06:00:00+00:00,8546.19
2019-11-15 06:00:00+00:00,8467.01
2019-11-16 06:00:00+00:00,8487.6
2019-11-17 06:00:00+00:00,8472.52
2019-11-18 06:00:00+00:00,8131.02
2019-11-19 06:00:00+00:00,8102.67
2019-11-20 06:00:00+00:00,8106.61
2019-11-21 06:00:00+00:00,7552.97
2019-11-22 06:00:00+00:00,7283.03
2019-11-23 06:00:00+00:00,7188.89
2019-11-24 06:00:00+00:00,6548.5
2019-11-25 06:00:00+00:00,7127.01
2019-11-26 06:00:00+00:00,7073.57
2019-11-27 06:00:00+00:00,7523.72
2019-11-28 06:00:00+00:00,7473.8
2019-11-29 06:00:00+00:00,7760.0
2019-11-30 06:00:00+00:00,7314.98
2019-12-01 06:00:00+00:00,7404.27
2019-12-02 06:00:00+00:00,7280.01
2019-12-03 06:00:00+00:00,7133.24
2019-12-04 06:00:00+00:00,7198.99
2019-12-05 06:00:00+00:00,7399.16
2019-12-06 06:00:00+00:00,7540.08
2019-12-07 06:00:00+00:00,7430.12
2019-12-08 06:00:00+00:00,7520.0
2019-12-09 06:00:00+00:00,7346.85
2019-12-10 06:00:00+00:00,7189.74
2019-12-11 06:00:00+00:00,7150.99
2019-12-12 06:00:00+00:00,7211.32
2019-12-13 06:00:00+00:00,7261.04
2019-12-14 06:00:00+00:00,7050.0
2019-12-15 06:00:00+00:00,7054.59
2019-12-16 06:00:00+00:00,6879.26
2019-12-17 06:00:00+00:00,6657.8
2019-12-18 06:00:00+00:00,7285.53
2019-12-19 06:00:00+00:00,7149.12
2019-12-20 06:00:00+00:00,7190.0
2019-12-21 06:00:00+00:00,7133.55
2019-12-22 06:00:00+00:00,7554.61
2019-12-23 06:00:00+00:00,7329.84
2019-12-24 06:00:00+00:00,7255.01
2019-12-25 06:00:00+00:00,7170.89
2019-12-26 06:00:00+00:00,7189.05
2019-12-27 06:00:00+00:00,7245.83
2019-12-28 06:00:00+00:00,7310.78
2019-12-29 06:00:00+00:00,7364.0
2019-12-30 06:00:00+00:00,7238.53
2019-12-31 06:00:00+00:00,7197.31
2020-01-01 06:00:00+00:00,7108.03
2020-01-02 06:00:00+00:00,7203.04
2020-01-03 06:00:00+00:00,7334.45
2020-01-04 06:00:00+00:00,7348.63
2020-01-05 06:00:00+00:00,7528.7
2020-01-06 06:00:00+00:00,7877.17
2020-01-07 06:00:00+00:00,8335.09
2020-01-08 06:00:00+00:00,8045.51
2020-01-09 06:00:00+00:00,7737.42
2020-01-10 06:00:00+00:00,8086.54
2020-01-11 06:00:00+00:00,8020.0
2020-01-12 06:00:00+00:00,8082.69
2020-01-13 06:00:00+00:00,8483.18
2020-01-14 06:00:00+00:00,8815.69
2020-01-15 06:00:00+00:00,8808.81
2020-01-16 06:00:00+00:00,8714.76
2020-01-17 06:00:00+00:00,8899.42
2020-01-18 06:00:00+00:00,9118.15
2020-01-19 06:00:00+00:00,8661.86
2020-01-20 06:00:00+00:00,8643.01
2020-01-21 06:00:00+00:00,8722.03
2020-01-22 06:00:00+00:00,8523.86
2020-01-23 06:00:00+00:00,8385.22
2020-01-24 06:00:00+00:00,8308.67
2020-01-25 06:00:00+00:00,8326.81
2020-01-26 06:00:00+00:00,8631.51
2020-01-27 06:00:00+00:00,8895.96
2020-01-28 06:00:00+00:00,9354.31
2020-01-29 06:00:00+00:00,9292.38
2020-01-30 06:00:00+00:00,9328.01
2020-01-31 06:00:00+00:00,9377.26
2020-02-01 06:00:00+00:00,9300.14
2020-02-02 06:00:00+00:00,9323.5
2020-02-03 06:00:00+00:00,9280.49
2020-02-04 06:00:00+00:00,9246.02
2020-02-05 06:00:00+00:00,9633.27
2020-02-06 06:00:00+00:00,9742.9
2020-02-07 06:00:00+00:00,9808.05
2020-02-08 06:00:00+00:00,10111.0
2020-02-09 06:00:00+00:00,10168.35
2020-02-10 06:00:00+00:00,9752.67
2020-02-11 06:00:00+00:00,10361.48
2020-02-12 06:00:00+00:00,10351.13
2020-02-13 06:00:00+00:00,10236.49
2020-02-14 06:00:00+00:00,10232.4
2020-02-15 06:00:00+00:00,9955.13
2020-02-16 06:00:00+00:00,9774.14
2020-02-17 06:00:00+00:00,9797.19
2020-02-18 06:00:00+00:00,10139.63
2020-02-19 06:00:00+00:00,9564.27
2020-02-20 06:00:00+00:00,9692.7
2020-02-21 06:00:00+00:00,9695.66
2020-02-22 06:00:00+00:00,9900.01
2020-02-23 06:00:00+00:00,9772.63
2020-02-24 06:00:00+00:00,9554.77
2020-02-25 06:00:00+00:00,9188.85
2020-02-26 06:00:00+00:00,8778.3
2020-02-27 06:00:00+00:00,8786.54
2020-02-28 06:00:00+00:00,8708.89
2020-02-29 06:00:00+00:00,8588.26
2020-03-01 06:00:00+00:00,8655.51
2020-03-02 06:00:00+00:00,8915.0
2020-03-03 06:00:00+00:00,8757.84
2020-03-04 06:00:00+00:00,8937.43
2020-03-05 06:00:00+00:00,9070.17
2020-03-06 06:00:00+00:00,9100.09
2020-03-07 06:00:00+00:00,8734.69
2020-03-08 06:00:00+00:00,7862.57
2020-03-09 05:00:00+00:00,7934.52
2020-03-10 05:00:00+00:00,7894.68
2020-03-11 05:00:00+00:00,7614.42
2020-03-12 05:00:00+00:00,4849.65
2020-03-13 05:00:00+00:00,5637.6
2020-03-14 05:00:00+00:00,5238.33
2020-03-15 05:00:00+00:00,5226.87
2020-03-16 05:00:00+00:00,5037.61
2020-03-17 05:00:00+00:00,5331.71
2020-03-18 05:00:00+00:00,5316.84
2020-03-19 05:00:00+00:00,6202.83
2020-03-20 05:00:00+00:00,6206.1
2020-03-21 05:00:00+00:00,6307.96
2020-03-22 05:00:00+00:00,5908.79
2020-03-23 05:00:00+00:00,6455.1
2020-03-24 05:00:00+00:00,6766.64
2020-03-25 05:00:00+00:00,6702.97
2020-03-26 05:00:00+00:00,6758.18
2020-03-27 05:00:00+00:00,6372.36
2020-03-28 05:00:00+00:00,6214.81
2020-03-29 05:00:00+00:00,6042.61
2020-03-30 05:00:00+00:00,6406.4
2020-03-31 05:00:00+00:00,6347.48
2020-04-01 05:00:00+00:00,6615.0
2020-04-02 05:00:00+00:00,6794.87
2020-04-03 05:00:00+00:00,6741.99
2020-04-04 05:00:00+00:00,6780.08
2020-04-05 05:00:00+00:00,6957.91
2020-04-06 05:00:00+00:00,7341.56
2020-04-07 05:00:00+00:00,7200.01
2020-04-08 05:00:00+00:00,7370.11
2020-04-09 05:00:00+00:00,7148.5
2020-04-10 05:00:00+00:00,6871.91
2020-04-11 05:00:00+00:00,6831.0
2020-04-12 05:00:00+00:00,6695.65
2020-04-13 05:00:00+00:00,6861.21
2020-04-14 05:00:00+00:00,6900.5
2020-04-15 05:00:00+00:00,6632.17
2020-04-16 05:00:00+00:00,7112.64
2020-04-17 05:00:00+00:00,7037.46
2020-04-18 05:00:00+00:00,7261.76
2020-04-19 05:00:00+00:00,7182.98
2020-04-20 05:00:00+00:00,6838.19
2020-04-21 05:00:00+00:00,6862.9
2020-04-22 05:00:00+00:00,7136.01
2020-04-23 05:00:00+00:00,7488.83
2020-04-24 05:00:00+00:00,7514.64
2020-04-25 05:00:00+00:00,7547.61
2020-04-26 05:00:00+00:00,7742.21
2020-04-27 05:00:00+00:00,7696.32
2020-04-28 05:00:00+00:00,7853.57
2020-04-29 05:00:00+00:00,9168.36
2020-04-30 05:00:00+00:00,8624.28
2020-05-01 05:00:00+00:00,8829.42
2020-05-02 05:00:00+00:00,9115.1
2020-05-03 05:00:00+00:00,8697.81
2020-05-04 05:00:00+00:00,9057.32
2020-05-05 05:00:00+00:00,9009.0
2020-05-06 05:00:00+00:00,9289.05
2020-05-07 05:00:00+00:00,10004.77
2020-05-08 05:00:00+00:00,9836.42
2020-05-09 05:00:00+00:00,8560.76
2020-05-10 05:00:00+00:00,8729.86
2020-05-11 05:00:00+00:00,8572.4
2020-05-12 05:00:00+00:00,8935.54
2020-05-13 05:00:00+00:00,9319.87
2020-05-14 05:00:00+00:00,9438.89
2020-05-15 05:00:00+00:00,9312.1
2020-05-16 05:00:00+00:00,9383.16
2020-05-17 05:00:00+00:00,9865.46
2020-05-18 05:00:00+00:00,9520.02
2020-05-19 05:00:00+00:00,9728.73
2020-05-20 05:00:00+00:00,9473.67
2020-05-21 05:00:00+00:00,9061.96
2020-05-22 05:00:00+00:00,9168.84
2020-05-23 05:00:00+00:00,9195.62
2020-05-24 05:00:00+00:00,8808.06
2020-05-25 05:00:00+00:00,8904.69
2020-05-26 05:00:00+00:00,8857.55
2020-05-27 05:00:00+00:00,9176.28
2020-05-28 05:00:00+00:00,9495.04
2020-05-29 05:00:00+00:00,9423.84
2020-05-30 05:00:00+00:00,9557.36
2020-05-31 05:00:00+00:00,9548.99
2020-06-01 05:00:00+00:00,10092.78
2020-06-02 05:00:00+00:00,9522.46
2020-06-03 05:00:00+00:00,9668.07
2020-06-04 05:00:00+00:00,9783.71
2020-06-05 05:00:00+00:00,9613.21
2020-06-06 05:00:00+00:00,9677.1
2020-06-07 05:00:00+00:00,9738.01
2020-06-08 05:00:00+00:00,9679.36
2020-06-09 05:00:00+00:00,9779.41
2020-06-10 05:00:00+00:00,9898.01
2020-06-11 05:00:00+00:00,9268.16
2020-06-12 05:00:00+00:00,9464.17
2020-06-13 05:00:00+00:00,9475.0
2020-06-14 05:00:00+00:00,9179.64
2020-06-15 05:00:00+00:00,9427.86
2020-06-16 05:00:00+00:00,9457.28
2020-06-17 05:00:00+00:00,9401.93
2020-06-18 05:00:00+00:00,9294.53
2020-06-19 05:00:00+00:00,9301.91
2020-06-20 05:00:00+00:00,9355.74
2020-06-21 05:00:00+00:00,9399.61
2020-06-22 05:00:00+00:00,9690.74
2020-06-23 05:00:00+00:00,9650.01
2020-06-24 05:00:00+00:00,9103.69
2020-06-25 05:00:00+00:00,9246.95
2020-06-26 05:00:00+00:00,9155.42
2020-06-27 05:00:00+00:00,8960.4
2020-06-28 05:00:00+00:00,9105.02
2020-06-29 05:00:00+00:00,9156.44
2020-06-30 05:00:00+00:00,9149.53
2020-07-01 05:00:00+00:00,9239.43
2020-07-02 05:00:00+00:00,9093.86
2020-07-03 05:00:00+00:00,9063.87
2020-07-04 05:00:00+00:00,9125.65
2020-07-05 05:00:00+00:00,9093.54
2020-07-06 05:00:00+00:00,9280.01
2020-07-07 05:00:00+00:00,9264.66
2020-07-08 05:00:00+00:00,9385.63
2020-07-09 05:00:00+00:00,9236.95
2020-07-10 05:00:00+00:00,9291.05
2020-07-11 05:00:00+00:00,9235.0
2020-07-12 05:00:00+00:00,9266.26
2020-07-13 05:00:00+00:00,9185.03
2020-07-14 05:00:00+00:00,9241.51
2020-07-15 05:00:00+00:00,9197.0
2020-07-16 05:00:00+00:00,9110.27
2020-07-17 05:00:00+00:00,9154.29
2020-07-18 05:00:00+00:00,9175.85
2020-07-19 05:00:00+00:00,9179.3
2020-07-20 05:00:00+00:00,9177.04
2020-07-21 05:00:00+00:00,9352.26
2020-07-22 05:00:00+00:00,9513.87
2020-07-23 05:00:00+00:00,9613.24
2020-07-24 05:00:00+00:00,9551.21
2020-07-25 05:00:00+00:00,9677.84
2020-07-26 05:00:00+00:00,10218.24
2020-07-27 05:00:00+00:00,11048.91
2020-07-28 05:00:00+00:00,10934.23
2020-07-29 05:00:00+00:00,11110.12
2020-07-30 05:00:00+00:00,11067.62
2020-07-31 05:00:00+00:00,11351.62
2020-08-01 05:00:00+00:00,11181.02
2020-08-02 05:00:00+00:00,11068.54
2020-08-03 05:00:00+00:00,11319.07
2020-08-04 05:00:00+00:00,11253.61
2020-08-05 05:00:00+00:00,11756.75
2020-08-06 05:00:00+00:00,11823.86
2020-08-07 05:00:00+00:00,11606.52
2020-08-08 05:00:00+00:00,11700.03
2020-08-09 05:00:00+00:00,12000.0
2020-08-10 05:00:00+00:00,11830.96
2020-08-11 05:00:00+00:00,11307.77
2020-08-12 05:00:00+00:00,11555.83
2020-08-13 05:00:00+00:00,11795.95
2020-08-14 05:00:00+00:00,11779.0
2020-08-15 05:00:00+00:00,11900.68
2020-08-16 05:00:00+00:00,11813.02
2020-08-17 05:00:00+00:00,12253.11
2020-08-18 05:00:00+00:00,11763.71
2020-08-19 05:00:00+00:00,11758.87
2020-08-20 05:00:00+00:00,11871.94
2020-08-21 05:00:00+00:00,11529.22
2020-08-22 05:00:00+00:00,11609.35
2020-08-23 05:00:00+00:00,11679.94
2020-08-24 05:00:00+00:00,11682.61
2020-08-25 05:00:00+00:00,11324.92
2020-08-26 05:00:00+00:00,11370.01
2020-08-27 05:00:00+00:00,11330.06
2020-08-28 05:00:00+00:00,11535.0
2020-08-29 05:00:00+00:00,11585.32
2020-08-30 05:00:00+00:00,11663.57
2020-08-31 05:00:00+00:00,11699.48
2020-09-01 05:00:00+00:00,11872.62
2020-09-02 05:00:00+00:00,11292.89
2020-09-03 05:00:00+00:00,10172.52
2020-09-04 05:00:00+00:00,10419.14
2020-09-05 05:00:00+00:00,10168.36
2020-09-06 05:00:00+00:00,10171.8
2020-09-07 05:00:00+00:00,10271.99
2020-09-08 05:00:00+00:00,10125.69
2020-09-09 05:00:00+00:00,10224.56
2020-09-10 05:00:00+00:00,10343.23
2020-09-11 05:00:00+00:00,10363.76
2020-09-12 05:00:00+00:00,10446.52
2020-09-13 05:00:00+00:00,10349.29
2020-09-14 05:00:00+00:00,10733.89
2020-09-15 05:00:00+00:00,10783.75
2020-09-16 05:00:00+00:00,10910.44
2020-09-17 05:00:00+00:00,10906.1
2020-09-18 05:00:00+00:00,10937.52
2020-09-19 05:00:00+00:00,10969.32
2020-09-20 05:00:00+00:00,10960.12
2020-09-21 05:00:00+00:00,10416.82
2020-09-22 05:00:00+00:00,10531.13
2020-09-23 05:00:00+00:00,10278.41
2020-09-24 05:00:00+00:00,10675.81
2020-09-25 05:00:00+00:00,10690.53
2020-09-26 05:00:00+00:00,10788.0
2020-09-27 05:00:00+00:00,10896.85
2020-09-28 05:00:00+00:00,10695.55
2020-09-29 05:00:00+00:00,10748.95
2020-09-30 05:00:00+00:00,10806.01
2020-10-01 05:00:00+00:00,10617.63
2020-10-02 05:00:00+00:00,10573.12
2020-10-03 05:00:00+00:00,10570.74
2020-10-04 05:00:00+00:00,10671.11
2020-10-05 05:00:00+00:00,10769.19
2020-10-06 05:00:00+00:00,10602.66
2020-10-07 05:00:00+00:00,10634.01
2020-10-08 05:00:00+00:00,10933.09
2020-10-09 05:00:00+00:00,11057.07
2020-10-10 05:00:00+00:00,11299.5
2020-10-11 05:00:00+00:00,11386.26
2020-10-12 05:00:00+00:00,11483.54
2020-10-13 05:00:00+00:00,11396.64
2020-10-14 05:00:00+00:00,11399.32
2020-10-15 05:00:00+00:00,11509.34
2020-10-16 05:00:00+00:00,11328.95
2020-10-17 05:00:00+00:00,11367.89
2020-10-18 05:00:00+00:00,11445.49
2020-10-19 05:00:00+00:00,11728.52
2020-10-20 05:00:00+00:00,12289.75
2020-10-21 05:00:00+00:00,12762.58
2020-10-22 05:00:00+00:00,12987.02
2020-10-23 05:00:00+00:00,12937.09
2020-10-24 05:00:00+00:00,13321.5
2020-10-25 05:00:00+00:00,13120.01
2020-10-26 05:00:00+00:00,13134.99
2020-10-27 05:00:00+00:00,13756.03
2020-10-28 05:00:00+00:00,13243.94
2020-10-29 05:00:00+00:00,13435.46
2020-10-30 05:00:00+00:00,13571.51
2020-10-31 05:00:00+00:00,13804.81
2020-11-01 05:00:00+00:00,13700.62
2020-11-02 06:00:00+00:00,13374.56
2020-11-03 06:00:00+00:00,13804.32
2020-11-04 06:00:00+00:00,14330.88
2020-11-05 06:00:00+00:00,15608.21
2020-11-06 06:00:00+00:00,15579.9
2020-11-07 06:00:00+00:00,14834.09
2020-11-08 06:00:00+00:00,15484.52
2020-11-09 06:00:00+00:00,15342.25
2020-11-10 06:00:00+00:00,15315.03
2020-11-11 06:00:00+00:00,15763.99
2020-11-12 06:00:00+00:00,16310.81
2020-11-13 06:00:00+00:00,16180.01
2020-11-14 06:00:00+00:00,16082.01
2020-11-15 06:00:00+00:00,16125.97
2020-11-16 06:00:00+00:00,16634.0
2020-11-17 06:00:00+00:00,17639.68
2020-11-18 06:00:00+00:00,17782.91
2020-11-19 06:00:00+00:00,17821.58
2020-11-20 06:00:00+00:00,18672.97
2020-11-21 06:00:00+00:00,18526.4
2020-11-22 06:00:00+00:00,18462.33
2020-11-23 06:00:00+00:00,18350.13
2020-11-24 06:00:00+00:00,19172.84
2020-11-25 06:00:00+00:00,17929.59
2020-11-26 06:00:00+00:00,17170.0
2020-11-27 06:00:00+00:00,17153.95
2020-11-28 06:00:00+00:00,17739.85
2020-11-29 06:00:00+00:00,18539.96
2020-11-30 06:00:00+00:00,19490.88
2020-12-01 06:00:00+00:00,18782.97
2020-12-02 06:00:00+00:00,18929.44
2020-12-03 06:00:00+00:00,19214.37
2020-12-04 06:00:00+00:00,18658.1
2020-12-05 06:00:00+00:00,19164.97
2020-12-06 06:00:00+00:00,19375.6
2020-12-07 06:00:00+00:00,19177.71
2020-12-08 06:00:00+00:00,18206.88
2020-12-09 06:00:00+00:00,18372.25
2020-12-10 06:00:00+00:00,17893.77
2020-12-11 06:00:00+00:00,18042.15
2020-12-12 06:00:00+00:00,18861.16
2020-12-13 06:00:00+00:00,19166.65
2020-12-14 06:00:00+00:00,19138.66
2020-12-15 06:00:00+00:00,19380.01
2020-12-16 06:00:00+00:00,22295.76
2020-12-17 06:00:00+00:00,22826.48
2020-12-18 06:00:00+00:00,22989.49
2020-12-19 06:00:00+00:00,23849.99
2020-12-20 06:00:00+00:00,23913.91
2020-12-21 06:00:00+00:00,22685.35
2020-12-22 06:00:00+00:00,23823.27
2020-12-23 06:00:00+00:00,23228.35
2020-12-24 06:00:00+00:00,23593.01
2020-12-25 06:00:00+00:00,24705.29
2020-12-26 06:00:00+00:00,26879.01
2020-12-27 06:00:00+00:00,26258.65
2020-12-28 06:00:00+00:00,26407.17
2020-12-29 06:00:00+00:00,28007.56
2020-12-30 06:00:00+00:00,28988.0
2020-12-31 06:00:00+00:00,29240.79
2021-01-01 06:00:00+00:00,29683.03
2021-01-02 06:00:00+00:00,33779.48
2021-01-03 06:00:00+00:00,32903.87
2021-01-04 06:00:00+00:00,30460.19
2021-01-05 06:00:00+00:00,35130.05
2021-01-06 06:00:00+00:00,37505.58
2021-01-07 06:00:00+00:00,38000.87
2021-01-08 06:00:00+00:00,40665.15
2021-01-09 06:00:00+00:00,40571.12
2021-01-10 06:00:00+00:00,34847.17
2021-01-11 06:00:00+00:00,35461.96
2021-01-12 06:00:00+00:00,34038.98
2021-01-13 06:00:00+00:00,37546.15
2021-01-14 06:00:00+00:00,37800.01
2021-01-15 06:00:00+00:00,36754.67
2021-01-16 06:00:00+00:00,36006.94
2021-01-17 06:00:00+00:00,35334.39
2021-01-18 06:00:00+00:00,36297.36
2021-01-19 06:00:00+00:00,35504.84
2021-01-20 06:00:00+00:00,34563.12
2021-01-21 06:00:00+00:00,30855.95
2021-01-22 06:00:00+00:00,32984.93
2021-01-23 06:00:00+00:00,32865.87
2021-01-24 06:00:00+00:00,33356.55
2021-01-25 06:00:00+00:00,32090.1
2021-01-26 06:00:00+00:00,31551.72
2021-01-27 06:00:00+00:00,30407.13
2021-01-28 06:00:00+00:00,33052.81
2021-01-29 06:00:00+00:00,34262.11
2021-01-30 06:00:00+00:00,34315.63
2021-01-31 06:00:00+00:00,33800.0
2021-02-01 06:00:00+00:00,34022.03
2021-02-02 06:00:00+00:00,36524.72
2021-02-03 06:00:00+00:00,37632.75
2021-02-04 06:00:00+00:00,36975.0
2021-02-05 06:00:00+00:00,39056.37
2021-02-06 06:00:00+00:00,39265.43
2021-02-07 06:00:00+00:00,38701.98
2021-02-08 06:00:00+00:00,46448.1
2021-02-09 06:00:00+00:00,46514.73
2021-02-10 06:00:00+00:00,44850.0
2021-02-11 06:00:00+00:00,47300.88
2021-02-12 06:00:00+00:00,47408.34
2021-02-13 06:00:00+00:00,47232.45
2021-02-14 06:00:00+00:00,46785.73
2021-02-15 06:00:00+00:00,49163.27
2021-02-16 06:00:00+00:00,49737.0
2021-02-17 06:00:00+00:00,52170.01
2021-02-18 06:00:00+00:00,51491.52
2021-02-19 06:00:00+00:00,55714.44
2021-02-20 06:00:00+00:00,55923.52
2021-02-21 06:00:00+00:00,55899.97
2021-02-22 06:00:00+00:00,49975.25
2021-02-23 06:00:00+00:00,48899.99
2021-02-24 06:00:00+00:00,49737.82
2021-02-25 06:00:00+00:00,45527.11
2021-02-26 06:00:00+00:00,46326.2
2021-02-27 06:00:00+00:00,44804.85
2021-02-28 06:00:00+00:00,45231.75
2021-03-01 06:00:00+00:00,49639.4
2021-03-02 06:00:00+00:00,48511.6
2021-03-03 06:00:00+00:00,50360.0
2021-03-04 06:00:00+00:00,47229.98
2021-03-05 06:00:00+00:00,48481.65
2021-03-06 06:00:00+00:00,49366.61
2021-03-07 06:00:00+00:00,50815.72
2021-03-08 06:00:00+00:00,54288.08
2021-03-09 06:00:00+00:00,53674.27
2021-03-10 06:00:00+00:00,55890.69
2021-03-11 06:00:00+00:00,57160.98
2021-03-12 06:00:00+00:00,56731.11
2021-03-13 06:00:00+00:00,61178.5
2021-03-14 06:00:00+00:00,59754.48
2021-03-15 05:00:00+00:00,55636.15
2021-03-16 05:00:00+00:00,55587.32
2021-03-17 05:00:00+00:00,58925.54
2021-03-18 05:00:00+00:00,57887.82
2021-03-19 05:00:00+00:00,58039.66
2021-03-20 05:00:00+00:00,56921.67
2021-03-21 05:00:00+00:00,57610.01
2021-03-22 05:00:00+00:00,54461.43
2021-03-23 05:00:00+00:00,54106.54
2021-03-24 05:00:00+00:00,52239.64
2021-03-25 05:00:00+00:00,51325.01
2021-03-26 05:00:00+00:00,55072.44
2021-03-27 05:00:00+00:00,55856.53
2021-03-28 05:00:00+00:00,55324.04
2021-03-29 05:00:00+00:00,57613.48
2021-03-30 05:00:00+00:00,58740.77
2021-03-31 05:00:00+00:00,58922.22
2021-04-01 05:00:00+00:00,58726.48
2021-04-02 05:00:00+00:00,59401.81
2021-04-03 05:00:00+00:00,57094.34
2021-04-04 05:00:00+00:00,57307.92
2021-04-05 05:00:00+00:00,58775.23
2021-04-06 05:00:00+00:00,57645.47
2021-04-07 05:00:00+00:00,55955.75
2021-04-08 05:00:00+00:00,58083.1
2021-04-09 05:00:00+00:00,60951.61
2021-04-10 05:00:00+00:00,59778.6
2021-04-11 05:00:00+00:00,60088.62
2021-04-12 05:00:00+00:00,60571.22
2021-04-13 05:00:00+00:00,64303.77
2021-04-14 05:00:00+00:00,62971.8
2021-04-15 05:00:00+00:00,61712.36
2021-04-16 05:00:00+00:00,61427.27
2021-04-17 05:00:00+00:00,54986.39
2021-04-18 05:00:00+00:00,56274.41
2021-04-19 05:00:00+00:00,55353.73
2021-04-20 05:00:00+00:00,56499.29
2021-04-21 05:00:00+00:00,54279.41
2021-04-22 05:00:00+00:00,49138.85
2021-04-23 05:00:00+00:00,51187.27
2021-04-24 05:00:00+00:00,49699.42
2021-04-25 05:00:00+00:00,52360.47
2021-04-26 05:00:00+00:00,54053.6
2021-04-27 05:00:00+00:00,54894.13
2021-04-28 05:00:00+00:00,53625.09
2021-04-29 05:00:00+00:00,54178.29
2021-04-30 05:00:00+00:00,57798.77
2021-05-01 05:00:00+00:00,57859.28
2021-05-02 05:00:00+00:00,57850.71
2021-05-03 05:00:00+00:00,55856.8
2021-05-04 05:00:00+00:00,54573.94
2021-05-05 05:00:00+00:00,57008.23
2021-05-06 05:00:00+00:00,55882.93
2021-05-07 05:00:00+00:00,58126.74
2021-05-08 05:00:00+00:00,58211.21
2021-05-09 05:00:00+00:00,59230.42
2021-05-10 05:00:00+00:00,55379.8
2021-05-11 05:00:00+00:00,57425.24
2021-05-12 05:00:00+00:00,50477.63
2021-05-13 05:00:00+00:00,49690.11
2021-05-14 05:00:00+00:00,49368.92
2021-05-15 05:00:00+00:00,48118.82
2021-05-16 05:00:00+00:00,43538.88
2021-05-17 05:00:00+00:00,43580.5
2021-05-18 05:00:00+00:00,39258.21
2021-05-19 05:00:00+00:00,36731.75
2021-05-20 05:00:00+00:00,40623.33
2021-05-21 05:00:00+00:00,37340.77
2021-05-22 05:00:00+00:00,37235.63
2021-05-23 05:00:00+00:00,34758.67
2021-05-24 05:00:00+00:00,38878.56
2021-05-25 05:00:00+00:00,39438.27
2021-05-26 05:00:00+00:00,39293.23
2021-05-27 05:00:00+00:00,37354.37
2021-05-28 05:00:00+00:00,35680.47
2021-05-29 05:00:00+00:00,34627.82
2021-05-30 05:00:00+00:00,34499.57
2021-05-31 05:00:00+00:00,36753.45
2021-06-01 05:00:00+00:00,36666.01
2021-06-02 05:00:00+00:00,37970.64
2021-06-03 05:00:00+00:00,37583.24
2021-06-04 05:00:00+00:00,36856.52
2021-06-05 05:00:00+00:00,35539.49
2021-06-06 05:00:00+00:00,36268.91
2021-06-07 05:00:00+00:00,32869.08
2021-06-08 05:00:00+00:00,32990.37
2021-06-09 05:00:00+00:00,36813.86
2021-06-10 05:00:00+00:00,36694.05
2021-06-11 05:00:00+00:00,35250.26
2021-06-12 05:00:00+00:00,35195.09
2021-06-13 05:00:00+00:00,39283.74
2021-06-14 05:00:00+00:00,40530.39
2021-06-15 05:00:00+00:00,40271.81
2021-06-16 05:00:00+00:00,38811.19
2021-06-17 05:00:00+00:00,37935.17
2021-06-18 05:00:00+00:00,35841.81
2021-06-19 05:00:00+00:00,35798.24
2021-06-20 05:00:00+00:00,34229.08
2021-06-21 05:00:00+00:00,32918.54
2021-06-22 05:00:00+00:00,32538.37
2021-06-23 05:00:00+00:00,33688.35
2021-06-24 05:00:00+00:00,34774.0
2021-06-25 05:00:00+00:00,31594.63
2021-06-26 05:00:00+00:00,32275.19
2021-06-27 05:00:00+00:00,34354.83
2021-06-28 05:00:00+00:00,34871.31
2021-06-29 05:00:00+00:00,34763.8
2021-06-30 05:00:00+00:00,34338.21
2021-07-01 05:00:00+00:00,33516.11
2021-07-02 05:00:00+00:00,33805.02
2021-07-03 05:00:00+00:00,34783.0
2021-07-04 05:00:00+00:00,34210.23
2021-07-05 05:00:00+00:00,34660.65
2021-07-06 05:00:00+00:00,34720.25
2021-07-07 05:00:00+00:00,33317.51
2021-07-08 05:00:00+00:00,32875.95
2021-07-09 05:00:00+00:00,33649.77
2021-07-10 05:00:00+00:00,33472.51
2021-07-11 05:00:00+00:00,34308.38
2021-07-12 05:00:00+00:00,33127.35
2021-07-13 05:00:00+00:00,31942.23
2021-07-14 05:00:00+00:00,32661.04
2021-07-15 05:00:00+00:00,31868.68
2021-07-16 05:00:00+00:00,31388.24
2021-07-17 05:00:00+00:00,32085.24
2021-07-18 05:00:00+00:00,31747.43
2021-07-19 05:00:00+00:00,29662.31
2021-07-20 05:00:00+00:00,29796.16
2021-07-21 05:00:00+00:00,32135.19
2021-07-22 05:00:00+00:00,32699.0
2021-07-23 05:00:00+00:00,33708.68
2021-07-24 05:00:00+00:00,34283.01
2021-07-25 05:00:00+00:00,38300.01
2021-07-26 05:00:00+00:00,37262.77
2021-07-27 05:00:00+00:00,39694.11
2021-07-28 05:00:00+00:00,40035.1
2021-07-29 05:00:00+00:00,39824.58
2021-07-30 05:00:00+00:00,42237.95
2021-07-31 05:00:00+00:00,42074.65
2021-08-01 05:00:00+00:00,39671.67
2021-08-02 05:00:00+00:00,39149.59
2021-08-03 05:00:00+00:00,37952.63
2021-08-04 05:00:00+00:00,39343.31
2021-08-05 05:00:00+00:00,40888.74
2021-08-06 05:00:00+00:00,43316.79
2021-08-07 05:00:00+00:00,44382.47
2021-08-08 05:00:00+00:00,43614.98
2021-08-09 05:00:00+00:00,46285.48
2021-08-10 05:00:00+00:00,45595.66
2021-08-11 05:00:00+00:00,45614.87
2021-08-12 05:00:00+00:00,45274.98
2021-08-13 05:00:00+00:00,47833.64
2021-08-14 05:00:00+00:00,46756.7
2021-08-15 05:00:00+00:00,47424.28
2021-08-16 05:00:00+00:00,46391.24
2021-08-17 05:00:00+00:00,45082.92
2021-08-18 05:00:00+00:00,44137.43
2021-08-19 05:00:00+00:00,47097.8
2021-08-20 05:00:00+00:00,49342.4
2021-08-21 05:00:00+00:00,48867.02
2021-08-22 05:00:00+00:00,50338.18
2021-08-23 05:00:00+00:00,49506.58
2021-08-24 05:00:00+00:00,48022.29
2021-08-25 05:00:00+00:00,47894.22
2021-08-26 05:00:00+00:00,46851.47
2021-08-27 05:00:00+00:00,49077.57
2021-08-28 05:00:00+00:00,48183.83
2021-08-29 05:00:00+00:00,47897.69
2021-08-30 05:00:00+00:00,47056.72
2021-08-31 05:00:00+00:00,47158.9
2021-09-01 05:00:00+00:00,48839.86
2021-09-02 05:00:00+00:00,49727.89
2021-09-03 05:00:00+00:00,50025.0
2021-09-04 05:00:00+00:00,49857.36
2021-09-05 05:00:00+00:00,51722.74
2021-09-06 05:00:00+00:00,52539.52
2021-09-07 05:00:00+00:00,46894.5
2021-09-08 05:00:00+00:00,46060.36
2021-09-09 05:00:00+00:00,46400.0
2021-09-10 05:00:00+00:00,44851.45
2021-09-11 05:00:00+00:00,45340.26
2021-09-12 05:00:00+00:00,46024.23
2021-09-13 05:00:00+00:00,45102.18
2021-09-14 05:00:00+00:00,46891.28
2021-09-15 05:00:00+00:00,48302.76
2021-09-16 05:00:00+00:00,48093.11
2021-09-17 05:00:00+00:00,48335.54
2021-09-18 05:00:00+00:00,47863.25
2021-09-19 05:00:00+00:00,45658.47
2021-09-20 05:00:00+00:00,42422.84
2021-09-21 05:00:00+00:00,41899.16
2021-09-22 05:00:00+00:00,44063.37
2021-09-23 05:00:00+00:00,44285.53
2021-09-24 05:00:00+00:00,42722.31
2021-09-25 05:00:00+00:00,42247.96
2021-09-26 05:00:00+00:00,44035.87
2021-09-27 05:00:00+00:00,42647.7
2021-09-28 05:00:00+00:00,42250.07
2021-09-29 05:00:00+00:00,43510.25
2021-09-30 05:00:00+00:00,43626.13
2021-10-01 05:00:00+00:00,47605.42
2021-10-02 05:00:00+00:00,47915.24
2021-10-03 05:00:00+00:00,47775.75
2021-10-04 05:00:00+00:00,49181.94
2021-10-05 05:00:00+00:00,51341.43
2021-10-06 05:00:00+00:00,55086.03
2021-10-07 05:00:00+00:00,53894.41
2021-10-08 05:00:00+00:00,54702.16
2021-10-09 05:00:00+00:00,55881.42
2021-10-10 05:00:00+00:00,56478.35
2021-10-11 05:00:00+00:00,56986.01
2021-10-12 05:00:00+00:00,56084.61
2021-10-13 05:00:00+00:00,57990.8
2021-10-14 05:00:00+00:00,59604.98
2021-10-15 05:00:00+00:00,61739.72
2021-10-16 05:00:00+00:00,60921.18
2021-10-17 05:00:00+00:00,62353.45
2021-10-18 05:00:00+00:00,62418.09
2021-10-19 05:00:00+00:00,64061.04
2021-10-20 05:00:00+00:00,65049.32
2021-10-21 05:00:00+00:00,63056.58
2021-10-22 05:00:00+00:00,61153.09
2021-10-23 05:00:00+00:00,60999.99
2021-10-24 05:00:00+00:00,62065.9
2021-10-25 05:00:00+00:00,62457.58
2021-10-26 05:00:00+00:00,61169.03
2021-10-27 05:00:00+00:00,58826.33
2021-10-28 05:00:00+00:00,61526.14
2021-10-29 05:00:00+00:00,61476.16
2021-10-30 05:00:00+00:00,61438.38
2021-10-31 05:00:00+00:00,60550.0
2021-11-01 05:00:00+00:00,61476.85
2021-11-02 05:00:00+00:00,62793.73
2021-11-03 05:00:00+00:00,62712.02
2021-11-04 05:00:00+00:00,60932.93
2021-11-05 05:00:00+00:00,61248.09
2021-11-06 05:00:00+00:00,62235.01
2021-11-07 05:00:00+00:00,65476.65
2021-11-08 06:00:00+00:00,68157.0
2021-11-09 06:00:00+00:00,66345.14
2021-11-10 06:00:00+00:00,64700.0
2021-11-11 06:00:00+00:00,64694.45
2021-11-12 06:00:00+00:00,63618.26
2021-11-13 06:00:00+00:00,64913.73
2021-11-14 06:00:00+00:00,65732.99
2021-11-15 06:00:00+00:00,60991.17
2021-11-16 06:00:00+00:00,59606.06
2021-11-17 06:00:00+00:00,59818.23
2021-11-18 06:00:00+00:00,56436.38
2021-11-19 06:00:00+00:00,58473.0
2021-11-20 06:00:00+00:00,59065.81
2021-11-21 06:00:00+00:00,57474.25
2021-11-22 06:00:00+00:00,56550.0
2021-11-23 06:00:00+00:00,56620.22
2021-11-24 06:00:00+00:00,57138.22
2021-11-25 06:00:00+00:00,57867.97
2021-11-26 06:00:00+00:00,54294.75
2021-11-27 06:00:00+00:00,54421.29
2021-11-28 06:00:00+00:00,57400.8
2021-11-29 06:00:00+00:00,56310.25
2021-11-30 06:00:00+00:00,56820.75
2021-12-01 06:00:00+00:00,56963.32
2021-12-02 06:00:00+00:00,56780.42
2021-12-03 06:00:00+00:00,47502.84
2021-12-04 06:00:00+00:00,49519.73
2021-12-05 06:00:00+00:00,48758.62
2021-12-06 06:00:00+00:00,50944.08
2021-12-07 06:00:00+00:00,50459.64
2021-12-08 06:00:00+00:00,50608.08
2021-12-09 06:00:00+00:00,48264.63
2021-12-10 06:00:00+00:00,48349.6
2021-12-11 06:00:00+00:00,49011.32
2021-12-12 06:00:00+00:00,49275.97
2021-12-13 06:00:00+00:00,46709.76
2021-12-14 06:00:00+00:00,48141.42
2021-12-15 06:00:00+00:00,48524.84
2021-12-16 06:00:00+00:00,47722.79
2021-12-17 06:00:00+00:00,46618.74
2021-12-18 06:00:00+00:00,47624.94
2021-12-19 06:00:00+00:00,46434.08
2021-12-20 06:00:00+00:00,48618.68
2021-12-21 06:00:00+00:00,48988.42
2021-12-22 06:00:00+00:00,48396.21
2021-12-23 06:00:00+00:00,51029.0
2021-12-24 06:00:00+00:00,50912.36
2021-12-25 06:00:00+00:00,49894.37
2021-12-26 06:00:00+00:00,50882.33
2021-12-27 06:00:00+00:00,49221.76
2021-12-28 06:00:00+00:00,47909.37
2021-12-29 06:00:00+00:00,46778.41
2021-12-30 06:00:00+00:00,47285.73
2021-12-31 06:00:00+00:00,47187.99
2022-01-01 06:00:00+00:00,47093.4
2022-01-02 06:00:00+00:00,47090.32
2022-01-03 06:00:00+00:00,46157.15
2022-01-04 06:00:00+00:00,46304.01
2022-01-05 06:00:00+00:00,43047.13
2022-01-06 06:00:00+00:00,41834.3
2022-01-07 06:00:00+00:00,41977.37
2022-01-08 06:00:00+00:00,41770.5
2022-01-09 06:00:00+00:00,42030.31
2022-01-10 06:00:00+00:00,42120.64
2022-01-11 06:00:00+00:00,42724.15
2022-01-12 06:00:00+00:00,43688.34
2022-01-13 06:00:00+00:00,42909.42
2022-01-14 06:00:00+00:00,43003.49
2022-01-15 06:00:00+00:00,42994.06
2022-01-16 06:00:00+00:00,42670.02
2022-01-17 06:00:00+00:00,42125.75
2022-01-18 06:00:00+00:00,41788.7
2022-01-19 06:00:00+00:00,41900.53
2022-01-20 06:00:00+00:00,38926.62
2022-01-21 06:00:00+00:00,35750.73
2022-01-22 06:00:00+00:00,35469.61
2022-01-23 06:00:00+00:00,35195.67
2022-01-24 06:00:00+00:00,36062.44
2022-01-25 06:00:00+00:00,37633.85
2022-01-26 06:00:00+00:00,35997.94
2022-01-27 06:00:00+00:00,37232.39
2022-01-28 06:00:00+00:00,37680.33
2022-01-29 06:00:00+00:00,38148.43
2022-01-30 06:00:00+00:00,37026.45
2022-01-31 06:00:00+00:00,38477.02
2022-02-01 06:00:00+00:00,38429.17
2022-02-02 06:00:00+00:00,37019.84
2022-02-03 06:00:00+00:00,37566.75
2022-02-04 06:00:00+00:00,41557.54
2022-02-05 06:00:00+00:00,41610.64
2022-02-06 06:00:00+00:00,42835.99
2022-02-07 06:00:00+00:00,44916.93
2022-02-08 06:00:00+00:00,43624.5
2022-02-09 06:00:00+00:00,43917.95
2022-02-10 06:00:00+00:00,42865.92
2022-02-11 06:00:00+00:00,42296.23
2022-02-12 06:00:00+00:00,42293.1
2022-02-13 06:00:00+00:00,41788.17
2022-02-14 06:00:00+00:00,43601.75
2022-02-15 06:00:00+00:00,44081.12
2022-02-16 06:00:00+00:00,43640.93
2022-02-17 06:00:00+00:00,40660.6
2022-02-18 06:00:00+00:00,40266.68
2022-02-19 06:00:00+00:00,39367.29
2022-02-20 06:00:00+00:00,39248.58
2022-02-21 06:00:00+00:00,36751.36
2022-02-22 06:00:00+00:00,37996.82
2022-02-23 06:00:00+00:00,34644.77
2022-02-24 06:00:00+00:00,38467.77
2022-02-25 06:00:00+00:00,39032.1
2022-02-26 06:00:00+00:00,38613.89
2022-02-27 06:00:00+00:00,37845.82
2022-02-28 06:00:00+00:00,43223.71
2022-03-01 06:00:00+00:00,44303.03
2022-03-02 06:00:00+00:00,43341.39
2022-03-03 06:00:00+00:00,41372.6
2022-03-04 06:00:00+00:00,39016.63
2022-03-05 06:00:00+00:00,39498.25
2022-03-06 06:00:00+00:00,38032.66
2022-03-07 06:00:00+00:00,38351.63
2022-03-08 06:00:00+00:00,41524.73
2022-03-09 06:00:00+00:00,39221.18
2022-03-10 06:00:00+00:00,38783.79
2022-03-11 06:00:00+00:00,39178.11
2022-03-12 06:00:00+00:00,39128.83
2022-03-13 06:00:00+00:00,38535.33
2022-03-14 05:00:00+00:00,38794.04
2022-03-15 05:00:00+00:00,39130.3
2022-03-16 05:00:00+00:00,41364.35
2022-03-17 05:00:00+00:00,40646.56
2022-03-18 05:00:00+00:00,41824.46
2022-03-19 05:00:00+00:00,41875.48
2022-03-20 05:00:00+00:00,40882.31
2022-03-21 05:00:00+00:00,43001.23
2022-03-22 05:00:00+00:00,41963.89
2022-03-23 05:00:00+00:00,42932.39
2022-03-24 05:00:00+00:00,44116.67
2022-03-25 05:00:00+00:00,44433.32
2022-03-26 05:00:00+00:00,44601.24
2022-03-27 05:00:00+00:00,47148.98
2022-03-28 05:00:00+00:00,47624.51
2022-03-29 05:00:00+00:00,47255.62
2022-03-30 05:00:00+00:00,47031.64
2022-03-31 05:00:00+00:00,44655.76
2022-04-01 05:00:00+00:00,46548.53
2022-04-02 05:00:00+00:00,46388.1
2022-04-03 05:00:00+00:00,46093.42
2022-04-04 05:00:00+00:00,46773.34
2022-04-05 05:00:00+00:00,45344.2
2022-04-06 05:00:00+00:00,43131.5
